,hiddenLayerOne,learnRate,hiddenLayerTwo,hiddenLayerThree,hiddenLayerFour,hiddenLayerFive,hiddenLayerSix,hiddenLayerSeven,hiddenLayerEight,hiddenLayerNine,hiddenLayerTen,dropout,epochs,batchs,regul,accuracy,AUC,recall,precision,F1,meanRec,meanAcc,meanPrec,meanAUC,meanF1
39,3,0.007,4,4,4,4,4,4,4,4,3,0.1,20,32,0.0,[0.81111115 0.87777781 0.76666671 0.76666671 0.83146065],[0.87577158 0.90183085 0.80252099 0.80815512 0.77272737],[0.72222221 0.83333337 0.7647059  0.77272731 0.59090912],[0.51999998 0.74074078 0.66666669 0.5151515  0.68421054],[0.60465116 0.78431373 0.71232877 0.61818182 0.63414634],0.7367795825004577,0.810736608505249,0.6253538966178894,0.8322011828422546,0.6707243630098829
62,3,0.004,5,5,5,5,5,5,5,5,3,0.1,20,16,0.0,[0.77777779 0.76666671 0.77777779 0.82222223 0.83146065],[0.86612654 0.83396465 0.77652305 0.87399733 0.89552236],[0.66666669 0.95833337 0.67647058 0.9545455  1.        ],[0.46153849 0.53488374 0.71875    0.58333331 0.5945946 ],[0.54545455 0.68656716 0.6969697  0.72413793 0.74576271],0.8512032270431519,0.7951810359954834,0.5786200284957885,0.8492267847061157,0.6797784099004474
55,3,0.007,5,5,5,5,5,5,5,5,3,0.1,20,32,0.0,[0.80000001 0.81111115 0.78888893 0.76666671 0.76404494],[0.5        0.86647725 0.81932777 0.84558821 0.81987792],[0.         0.79166669 0.7647059  1.         0.90909094],[0.         0.61290324 0.7027027  0.51162791 0.51282054],[0.         0.69090909 0.73239437 0.67692308 0.6557377 ],0.6930927038192749,0.7861423492431641,0.4680108785629272,0.7702542304992676,0.5511928477894767
54,3,0.007,5,5,5,5,5,5,5,5,3,0.1,20,16,0.0,[0.80000001 0.82222223 0.77777779 0.75555557 0.75280899],[0.81250006 0.8888889  0.77547264 0.5        0.5       ],[0.5        0.95833337 0.7352941  0.         0.        ],[0.5        0.60526317 0.69444448 0.         0.        ],[0.5        0.74193548 0.71428571 0.         0.        ],0.43872549533843996,0.7816729187965393,0.3599415302276611,0.6953723192214966,0.3912442396313364
31,2,0.004,5,5,5,5,5,5,5,5,2,0.1,20,32,0.0,[0.80000001 0.83333337 0.74444449 0.78888893 0.74157304],[0.5        0.82323229 0.77179629 0.85862297 0.81411129],[0.         0.66666669 0.79411763 0.68181819 0.81818187],[0.         0.69565219 0.62790698 0.55555558 0.48648649],[0.         0.68085106 0.7012987  0.6122449  0.61016949],0.5921568751335144,0.7816479682922364,0.4731202483177185,0.7535525679588317,0.5209128309226192
56,3,0.004,5,5,5,5,5,5,5,5,3,0.0,10,16,0.0,[0.86666667 0.83333337 0.62222224 0.84444445 0.74157304],[0.86882716 0.88636363 0.5        0.89037436 0.80359578],[0.72222221 1.         0.         1.         0.81818187],[0.65000004 0.61538464 0.         0.6111111  0.48648649],[0.68421053 0.76190476 0.         0.75862069 0.61016949],0.7080808162689209,0.7816479563713074,0.4725964546203613,0.7898321866989135,0.5629810938802295
9,2,0.004,4,4,4,4,4,4,4,4,2,0.0,10,32,0.0,[0.78888893 0.83333337 0.76666671 0.75555557 0.75280899],[0.77507716 0.91792929 0.82536769 0.5        0.5       ],[0.66666669 1.         0.82352942 0.         0.        ],[0.47999999 0.61538464 0.6511628  0.         0.        ],[0.55813953 0.76190476 0.72727273 0.         0.        ],0.4980392217636108,0.7794507145881653,0.3493094861507416,0.703674829006195,0.4094634048122421
48,3,0.007,5,5,5,5,5,5,5,5,3,0.0,10,16,0.0,[0.86666667 0.73333335 0.77777779 0.75555557 0.75280899],[0.89081788 0.5        0.84112394 0.5        0.5       ],[0.8888889  0.         0.79411763 0.         0.        ],[0.61538464 0.         0.67500001 0.         0.        ],[0.72727273 0.         0.72972973 0.         0.        ],0.33660130500793456,0.7772284746170044,0.25807693004608157,0.6463883638381958,0.2914004914004914
17,2,0.007,5,5,5,5,5,5,5,5,2,0.0,10,32,0.0,[0.84444445 0.73333335 0.80000001 0.75555557 0.75280899],[0.88425934 0.5        0.83981091 0.5        0.5       ],[0.94444448 0.         0.85294116 0.         0.        ],[0.56666672 0.         0.69047618 0.         0.        ],[0.70833333 0.         0.76315789 0.         0.        ],0.3594771265983582,0.7772284746170044,0.25142858028411863,0.6448140501976013,0.2942982456140351
25,2,0.004,5,5,5,5,5,5,5,5,2,0.0,10,32,0.0,[0.83333337 0.85555559 0.62222224 0.81111115 0.75280899],[0.82716048 0.93023992 0.5        0.81751341 0.5       ],[0.55555558 0.95833337 0.         0.86363637 0.        ],[0.58823532 0.65714288 0.         0.57575762 0.        ],[0.57142857 0.77966102 0.         0.69090909 0.        ],0.47550506591796876,0.7750062704086303,0.3642271637916565,0.7149827599525451,0.40839973585736294
58,3,0.004,5,5,5,5,5,5,5,5,3,0.0,20,16,0.0,[0.86666667 0.80000001 0.62222224 0.81111115 0.76404494],[0.7885803  0.85984844 0.5        0.88669789 0.81818187],[0.6111111  0.75       0.         0.86363637 0.90909094],[0.6875     0.60000002 0.         0.57575762 0.51282054],[0.64705882 0.66666667 0.         0.69090909 0.6557377 ],0.6267676830291748,0.7728090047836303,0.47521563768386843,0.7706616997718811,0.5320744572046403
21,2,0.007,5,5,5,5,5,5,5,5,2,0.1,10,32,0.0,[0.83333337 0.71111113 0.76666671 0.81111115 0.74157304],[0.90432096 0.58806825 0.80304617 0.79812837 0.82835829],[0.77777779 0.33333334 0.91176468 0.77272731 1.        ],[0.56       0.44444445 0.63265306 0.58620691 0.48888889],[0.65116279 0.38095238 0.74698795 0.66666667 0.65671642],0.759120625257492,0.7727590799331665,0.5424386620521545,0.7843844056129455,0.6204972416068799
52,3,0.007,5,5,5,5,5,5,5,5,3,0.1,10,16,0.0,[0.82222223 0.78888893 0.75555557 0.76666671 0.73033708],[0.86381173 0.81186867 0.83377099 0.86597598 0.82089555],[0.83333331 0.29166669 0.7647059  0.9545455  1.        ],[0.53571433 0.77777779 0.65000004 0.51219517 0.47826087],[0.65217391 0.42424242 0.7027027  0.66666667 0.64705882],0.7688502788543701,0.7727341055870056,0.5907896399497986,0.8392645835876464,0.6185689060369367
1,2,0.007,4,4,4,4,4,4,4,4,2,0.0,10,32,0.0,[0.84444445 0.83333337 0.62222224 0.80000001 0.75280899],[0.82484567 0.89614904 0.5        0.85594916 0.50746274],[0.77777779 0.91666669 0.         0.81818187 0.        ],[0.58333337 0.62857145 0.         0.5625     0.        ],[0.66666667 0.74576271 0.         0.66666667 0.        ],0.502525269985199,0.7705618143081665,0.35488096475601194,0.7168813228607178,0.415819209039548
32,3,0.007,4,4,4,4,4,4,4,4,3,0.0,10,16,0.0,[0.80000001 0.80000001 0.73333335 0.75555557 0.75280899],[0.72453707 0.86584598 0.76339281 0.5        0.5       ],[0.5        1.         0.47058824 0.         0.        ],[0.5        0.5714286  0.72727275 0.         0.        ],[0.5        0.72727273 0.57142857 0.         0.        ],0.3941176474094391,0.7683395862579345,0.35974026918411256,0.6707551717758179,0.35974025974025975
49,3,0.007,5,5,5,5,5,5,5,5,3,0.0,10,32,0.0,[0.84444445 0.73333335 0.76666671 0.76666671 0.73033708],[0.9050926  0.5        0.85084033 0.82453209 0.86092269],[0.66666669 0.         0.88235295 0.9545455  1.        ],[0.60000002 0.         0.63829792 0.51219517 0.47826087],[0.63157895 0.         0.74074074 0.66666667 0.64705882],0.7007130265235901,0.7682896614074707,0.4457507967948914,0.788277542591095,0.537209035661048
45,3,0.004,4,4,4,4,4,4,4,4,3,0.1,10,32,0.0,[0.73333335 0.82222223 0.77777779 0.75555557 0.74157304],[0.79976857 0.91698229 0.81722683 0.5        0.82021707],[0.6111111  0.95833337 0.82352942 0.         1.        ],[0.39285716 0.60526317 0.66666669 0.         0.48888889],[0.47826087 0.74193548 0.73684211 0.         0.65671642],0.6785947799682617,0.7660923957824707,0.430735182762146,0.7708389520645141,0.5227509753219581
57,3,0.004,5,5,5,5,5,5,5,5,3,0.0,10,32,0.0,[0.71111113 0.77777779 0.78888893 0.80000001 0.73033708],[0.76427466 0.83333337 0.82064074 0.90140373 0.8164857 ],[0.72222221 0.91666669 0.82352942 0.9545455  0.90909094],[0.38235295 0.55000001 0.68292683 0.55263156 0.47619048],[0.5        0.6875     0.74666667 0.7        0.625     ],0.8652109503746033,0.7616229891777039,0.5288203656673431,0.8272276401519776,0.6518333333333334
63,3,0.004,5,5,5,5,5,5,5,5,3,0.1,20,32,0.0,[0.85555559 0.75555557 0.62222224 0.83333337 0.73033708],[0.81597221 0.83396471 0.5        0.9050802  0.78154683],[0.72222221 0.95833337 0.         0.90909094 0.90909094],[0.61904764 0.52272731 0.         0.60606062 0.47619048],[0.66666667 0.67647059 0.         0.72727273 0.625     ],0.6997474908828736,0.7594007730484009,0.4448052108287811,0.7673127889633179,0.5390819964349376
0,2,0.007,4,4,4,4,4,4,4,4,2,0.0,10,16,0.0,[0.83333337 0.82222223 0.62222224 0.75555557 0.75280899],[0.89853394 0.88478535 0.5        0.5        0.5       ],[0.72222221 0.875      0.         0.         0.        ],[0.56521738 0.61764705 0.         0.         0.        ],[0.63414634 0.72413793 0.         0.         0.        ],0.31944444179534914,0.7572284817695618,0.23657288551330566,0.6566638588905335,0.2716568544995795
60,3,0.004,5,5,5,5,5,5,5,5,3,0.1,10,16,0.0,[0.69999999 0.76666671 0.72222227 0.81111115 0.76404494],[0.74652779 0.76167929 0.80173326 0.90307492 0.83989143],[0.66666669 0.66666669 0.64705884 0.72727275 0.86363637],[0.36363637 0.55172414 0.62857145 0.5925926  0.51351351],[0.47058824 0.60377358 0.63768116 0.65306122 0.6440678 ],0.7142602682113648,0.7528090119361878,0.5300076127052307,0.8105813384056091,0.6018344001440067
53,3,0.007,5,5,5,5,5,5,5,5,3,0.1,10,32,0.0,[0.80000001 0.69999999 0.77777779 0.72222227 0.75280899],[0.75540125 0.82228535 0.84926468 0.78776741 0.81139755],[0.55555558 0.95833337 0.91176468 0.81818187 0.86363637],[0.5        0.46938774 0.64583337 0.46153846 0.5       ],[0.52631579 0.63013699 0.75609756 0.59016393 0.63333333],0.8214943766593933,0.7505618095397949,0.5153519153594971,0.8052232503890991,0.6272095209020454
46,3,0.004,4,4,4,4,4,4,4,4,3,0.1,20,16,0.0,[0.80000001 0.84444445 0.62222224 0.77777779 0.69662923],[0.5        0.84375    0.5        0.85795456 0.84294438],[0.         0.75       0.         0.72727275 0.9545455 ],[0.         0.69230771 0.         0.53333336 0.44680855],[0.         0.72       0.         0.61538462 0.60869565],0.48636364936828613,0.7482147455215454,0.33448992371559144,0.7089297890663147,0.3888160535117057
12,2,0.004,4,4,4,4,4,4,4,4,2,0.1,10,16,0.0,[0.81111115 0.73333335 0.62222224 0.82222223 0.71910113],[0.88425934 0.5        0.5        0.8619653  0.81343281],[0.77777779 0.         0.         0.77272731 1.        ],[0.51851851 0.         0.         0.60714287 0.46808514],[0.62222222 0.         0.         0.68       0.63768116],0.5101010203361511,0.7415980219841003,0.31874930262565615,0.7119314908981323,0.38798067632850247
30,2,0.004,5,5,5,5,5,5,5,5,2,0.1,20,16,0.0,[0.86666667 0.78888893 0.62222224 0.75555557 0.67415732],[0.86226845 0.85606062 0.5        0.5        0.79104477],[0.66666669 1.         0.         0.         1.        ],[0.66666669 0.55813956 0.         0.         0.43137255],[0.66666667 0.71641791 0.         0.         0.60273973],0.5333333373069763,0.7414981484413147,0.3312357604503632,0.7018747687339782,0.397164860628365
37,3,0.007,4,4,4,4,4,4,4,4,3,0.1,10,32,0.0,[0.81111115 0.67777777 0.62222224 0.77777779 0.80898875],[0.78780866 0.7638889  0.5        0.88168454 0.84430128],[0.6111111  1.         0.         0.90909094 0.68181819],[0.52380955 0.4528302  0.         0.52631581 0.59999996],[0.56410256 0.62337662 0.         0.66666667 0.63829787],0.6404040455818176,0.7395755410194397,0.4205911040306091,0.755536675453186,0.49848874529725595
44,3,0.004,4,4,4,4,4,4,4,4,3,0.1,10,16,0.0,[0.64444447 0.78888893 0.72222227 0.82222223 0.70786518],[0.65663582 0.84280306 0.79411763 0.8616311  0.81343287],[0.6111111  0.95833337 0.64705884 0.63636363 1.        ],[0.30555555 0.56097561 0.62857145 0.63636363 0.45833334],[0.40740741 0.70769231 0.63768116 0.63636364 0.62857143],0.7705733895301818,0.7371286153793335,0.5179599165916443,0.7937240958213806,0.603543187891014
13,2,0.004,4,4,4,4,4,4,4,4,2,0.1,10,32,0.0,[0.84444445 0.73333335 0.75555557 0.6111111  0.73033708],[0.88001537 0.80334604 0.79332978 0.75334221 0.91078693],[0.77777779 0.875      0.85294116 0.9545455  1.        ],[0.58333337 0.5        0.63043481 0.38181821 0.47826087],[0.66666667 0.63636364 0.725      0.54545455 0.64705882],0.8920528888702393,0.7349563121795655,0.5147694528102875,0.8281640648841858,0.644108734402852
61,3,0.004,5,5,5,5,5,5,5,5,3,0.1,10,32,0.0,[0.83333337 0.71111113 0.62222224 0.73333335 0.74157304],[0.89544749 0.81060606 0.5        0.83088231 0.78324288],[0.72222221 1.         0.         1.         0.72727275],[0.56521738 0.47999999 0.         0.47826087 0.4848485 ],[0.63414634 0.64864865 0.         0.64705882 0.58181818],0.6898989915847779,0.7283146262168885,0.4016653478145599,0.7640357494354248,0.5023343990919313
29,2,0.004,5,5,5,5,5,5,5,5,2,0.1,10,32,0.0,[0.77777779 0.73333335 0.72222227 0.76666671 0.55056179],[0.85725307 0.5        0.74921215 0.83221924 0.65094984],[0.77777779 0.         0.79411763 0.81818187 0.86363637],[0.4666667  0.         0.60000002 0.51428574 0.33928573],[0.58333333 0.         0.6835443  0.63157895 0.48717949],0.6507427334785462,0.7101123809814454,0.3840476393699646,0.7179268598556519,0.477127214335742
4,2,0.007,4,4,4,4,4,4,4,4,2,0.1,10,16,0.0,[0.83333337 0.76666671 0.37777779 0.81111115 0.69662923],[0.80671293 0.87121212 0.5        0.88402408 0.79850745],[0.6111111 1.        1.        0.9545455 1.       ],[0.57894737 0.53333336 0.37777779 0.56756759 0.44897959],[0.59459459 0.69565217 0.5483871  0.71186441 0.61971831],0.913131320476532,0.6971036493778229,0.5013211369514465,0.7720913171768189,0.6340433163841295
47,3,0.004,4,4,4,4,4,4,4,4,3,0.1,20,32,0.0,[0.80000001 0.83333337 0.81111115 0.24444444 0.75280899],[0.5        0.89867431 0.84768903 0.5        0.8063094 ],[0.         0.875      0.91176468 1.         0.86363637],[0.         0.63636363 0.68888891 0.24444444 0.5       ],[0.         0.73684211 0.78481013 0.39285714 0.63333333],0.7300802111625672,0.6883395940065384,0.41393939554691317,0.7105345487594604,0.5095685416071825
51,3,0.007,5,5,5,5,5,5,5,5,3,0.0,20,32,0.0,[0.83333337 0.81111115 0.74444449 0.78888893 0.24719101],[0.77391988 0.87026513 0.79858196 0.92012036 0.5       ],[0.66666669 0.95833337 0.79411763 1.         1.        ],[0.5714286  0.58974361 0.62790698 0.53658539 0.24719101],[0.61538462 0.73015873 0.7012987  0.6984127  0.3963964 ],0.8838235378265381,0.6849937915802002,0.5145711183547974,0.7725774645805359,0.6283302283302283
50,3,0.007,5,5,5,5,5,5,5,5,3,0.0,20,16,0.0,[0.80000001 0.83333337 0.77777779 0.75555557 0.24719101],[0.5        0.8415404  0.79227936 0.5        0.5       ],[0.         0.75       0.82352942 0.         1.        ],[0.         0.66666669 0.66666669 0.         0.24719101],[0.         0.70588235 0.73684211 0.         0.3963964 ],0.5147058844566346,0.6827715516090394,0.31610487699508666,0.6267639517784118,0.3678241709201461
59,3,0.004,5,5,5,5,5,5,5,5,3,0.0,20,32,0.0,[0.83333337 0.8888889  0.62222224 0.82222223 0.24719101],[0.89621913 0.90246212 0.5        0.80147058 0.5       ],[0.8888889  0.91666669 0.         0.72727275 1.        ],[0.55172414 0.73333335 0.         0.61538464 0.24719101],[0.68085106 0.81481481 0.         0.66666667 0.3963964 ],0.7065656661987305,0.6827715516090394,0.4295266270637512,0.7200303673744202,0.5117457883415331
38,3,0.007,4,4,4,4,4,4,4,4,3,0.1,20,16,0.0,[0.81111115 0.26666668 0.76666671 0.75555557 0.74157304],[0.88194454 0.5        0.77205878 0.5        0.82835823],[0.77777779 1.         0.79411763 0.         1.        ],[0.51851851 0.26666668 0.65853661 0.         0.48888889],[0.62222222 0.42105263 0.72       0.         0.65671642],0.71437908411026,0.6683146297931671,0.3865221381187439,0.6964723110198975,0.48399825434232346
7,2,0.007,4,4,4,4,4,4,4,4,2,0.1,20,32,0.0,[0.77777779 0.82222223 0.77777779 0.24444444 0.70786518],[0.85802472 0.8686868  0.78098732 0.5        0.80597013],[0.77777779 0.83333337 0.88235295 1.         1.        ],[0.4666667  0.625      0.65217394 0.24444444 0.45833334],[0.58333333 0.71428571 0.75       0.39285714 0.62857143],0.8986928224563598,0.6660174876451492,0.48932368457317355,0.762733793258667,0.6138095238095238
16,2,0.007,5,5,5,5,5,5,5,5,2,0.0,10,16,0.0,[0.2        0.82222223 0.77777779 0.75555557 0.76404494],[0.5        0.94886369 0.82536763 0.5        0.84396201],[1.         0.95833337 0.88235295 0.         0.9545455 ],[0.2        0.60526317 0.65217394 0.         0.51219517],[0.33333333 0.74193548 0.75       0.         0.66666667],0.7590463638305665,0.6639201074838639,0.3939264565706253,0.7236386656761169,0.49838709677419357
22,2,0.007,5,5,5,5,5,5,5,5,2,0.1,20,16,0.0,[0.80000001 0.77777779 0.72222227 0.76666671 0.24719101],[0.5        0.83491164 0.71008408 0.84558821 0.5       ],[0.         0.95833337 0.64705884 1.         1.        ],[0.         0.54761904 0.62857145 0.51162791 0.24719101],[0.         0.6969697  0.63768116 0.67692308 0.3963964 ],0.7210784435272217,0.6627715587615967,0.38700188398361207,0.67811678647995,0.48159406594189197
19,2,0.007,5,5,5,5,5,5,5,5,2,0.0,20,32,0.0,[0.80000001 0.84444445 0.62222224 0.24444444 0.77528089],[0.5        0.90151519 0.5        0.5        0.85074627],[0. 1. 0. 1. 1.],[0.         0.63157892 0.         0.24444444 0.52380955],[0.         0.77419355 0.         0.39285714 0.6875    ],0.6,0.6572784096002579,0.27996658384799955,0.6504522919654846,0.37091013824884794
36,3,0.007,4,4,4,4,4,4,4,4,3,0.1,10,16,0.0,[0.2        0.73333335 0.80000001 0.78888893 0.76404494],[0.5        0.5        0.83167017 0.85026741 0.88364995],[1.         0.         0.85294116 0.9545455  0.9545455 ],[0.2        0.         0.69047618 0.53846157 0.51219517],[0.33333333 0.         0.76315789 0.68852459 0.66666667],0.7524064302444458,0.657253447175026,0.38822658360004425,0.7131175041198731,0.49033649698015525
40,3,0.004,4,4,4,4,4,4,4,4,3,0.0,10,16,0.0,[0.2        0.73333335 0.81111115 0.75555557 0.76404494],[0.5        0.5        0.84532559 0.5        0.85888743],[1.         0.         0.88235295 0.         0.81818187],[0.2        0.         0.69767439 0.         0.51428574],[0.33333333 0.         0.77922078 0.         0.63157895],0.5401069641113281,0.652809002995491,0.2823920279741287,0.640842604637146,0.34882661198450665
35,3,0.007,4,4,4,4,4,4,4,4,3,0.0,20,32,0.0,[0.80000001 0.26666668 0.62222224 0.77777779 0.78651685],[0.5        0.5        0.5        0.85895717 0.82801902],[0.         1.         0.         0.90909094 0.86363637],[0.         0.26666668 0.         0.52631581 0.54285717],[0.         0.42105263 0.         0.66666667 0.66666667],0.5545454621315002,0.6506367146968841,0.2671679317951202,0.6373952388763428,0.3508771929824562
43,3,0.004,4,4,4,4,4,4,4,4,3,0.0,20,32,0.0,[0.84444445 0.82222223 0.62222224 0.24444444 0.71910113],[0.78240752 0.84785354 0.5        0.5        0.7873134 ],[0.66666669 0.91666669 0.         1.         0.81818187],[0.60000002 0.6111111  0.         0.24444444 0.46153846],[0.63157895 0.73333333 0.         0.39285714 0.59016393],0.6803030490875244,0.6504869014024734,0.383418807387352,0.6835148930549622,0.46958667159702533
5,2,0.007,4,4,4,4,4,4,4,4,2,0.1,10,32,0.0,[0.2        0.77777779 0.74444449 0.75555557 0.76404494],[0.5        0.84438133 0.80120796 0.5        0.74423343],[1.         0.91666669 0.85294116 0.         0.72727275],[0.2        0.55000001 0.61702132 0.         0.51612902],[0.33333333 0.6875     0.71604938 0.         0.60377358],0.6993761181831359,0.6483645588159561,0.3766300708055496,0.6779645442962646,0.46813126019100854
28,2,0.004,5,5,5,5,5,5,5,5,2,0.1,10,16,0.0,[0.2        0.81111115 0.77777779 0.75555557 0.69662923],[0.5        0.72948235 0.815126   0.5        0.79443693],[1.         0.5        0.88235295 0.         0.9545455 ],[0.2        0.70588237 0.65217394 0.         0.44680855],[0.33333333 0.58536585 0.75       0.         0.60869565],0.6673796892166137,0.6482147485017776,0.4009729713201523,0.6678090572357178,0.45547896783315667
14,2,0.004,4,4,4,4,4,4,4,4,2,0.1,20,16,0.0,[0.83333337 0.75555557 0.62222224 0.24444444 0.77528089],[0.78742278 0.874053   0.5        0.5        0.85074627],[0.5 1.  0.  1.  1. ],[0.60000002 0.52173913 0.         0.24444444 0.52380955],[0.54545455 0.68571429 0.         0.39285714 0.6875    ],0.7,0.646167305111885,0.3779986292123795,0.7024444103240967,0.4623051948051947
18,2,0.007,5,5,5,5,5,5,5,5,2,0.0,20,16,0.0,[0.83333337 0.26666668 0.62222224 0.75555557 0.73033708],[0.87924385 0.5        0.5        0.5        0.82835817],[0.8888889 1.        0.        0.        1.       ],[0.55172414 0.26666668 0.         0.         0.47826087],[0.68085106 0.42105263 0.         0.         0.64705882],0.5777777791023254,0.6416229903697968,0.2593303382396698,0.6415204048156739,0.34979250378762927
41,3,0.004,4,4,4,4,4,4,4,4,3,0.0,10,32,0.0,[0.2        0.83333337 0.65555555 0.73333335 0.74157304],[0.5        0.91003788 0.57379204 0.82286096 0.8225916 ],[1.         0.95833337 0.23529412 0.86363637 0.90909094],[0.2        0.62162161 0.61538464 0.47499999 0.48780489],[0.33333333 0.75409836 0.34042553 0.61290323 0.63492063],0.7932709604501724,0.6327590614557266,0.4799622267484665,0.7258564949035644,0.5351362173262102
6,2,0.007,4,4,4,4,4,4,4,4,2,0.1,20,16,0.0,[0.80000001 0.26666668 0.62222224 0.75555557 0.70786518],[0.5        0.5        0.5        0.5        0.81343281],[0. 1. 0. 0. 1.],[0.         0.26666668 0.         0.         0.45833334],[0.         0.42105263 0.         0.         0.62857143],0.4,0.6304619371891022,0.14500000476837158,0.562686562538147,0.20992481203007518
8,2,0.004,4,4,4,4,4,4,4,4,2,0.0,10,16,0.0,[0.2        0.73333335 0.62222224 0.75555557 0.75280899],[0.5 0.5 0.5 0.5 0.5],[1. 0. 0. 0. 0.],[0.2 0.  0.  0.  0. ],[0.33333333 0.         0.         0.         0.        ],0.2,0.612784031033516,0.04000000059604645,0.5,0.06666666666666668
24,2,0.004,5,5,5,5,5,5,5,5,2,0.0,10,16,0.0,[0.2        0.73333335 0.62222224 0.75555557 0.74157304],[0.5        0.5        0.5        0.83923793 0.49253732],[1.         0.         0.         0.86363637 0.        ],[0.2 0.  0.  0.5 0. ],[0.33333333 0.         0.         0.63333333 0.        ],0.37272727489471436,0.610536840558052,0.14000000059604645,0.5663550496101379,0.19333333333333333
33,3,0.007,4,4,4,4,4,4,4,4,3,0.0,10,32,0.0,[0.2        0.73333335 0.62222224 0.73333335 0.75280899],[0.5        0.5        0.5        0.86430484 0.5       ],[1.         0.         0.         0.90909094 0.        ],[0.2        0.         0.         0.47619048 0.        ],[0.33333333 0.         0.         0.625      0.        ],0.3818181872367859,0.608339586853981,0.13523809611797333,0.5728609681129455,0.19166666666666665
20,2,0.007,5,5,5,5,5,5,5,5,2,0.1,10,16,0.0,[0.2        0.77777779 0.62222224 0.67777777 0.75280899],[0.5        0.84848481 0.5        0.77573526 0.85820889],[1.         1.         0.         0.90909094 1.        ],[0.2        0.54545456 0.         0.42553192 0.5       ],[0.33333333 0.70588235 0.         0.57971014 0.66666667],0.7818181872367859,0.6061173588037491,0.3341972976922989,0.6964857935905456,0.45711849957374245
42,3,0.004,4,4,4,4,4,4,4,4,3,0.0,20,16,0.0,[0.80000001 0.85555559 0.84444445 0.24444444 0.24719101],[0.5        0.93844694 0.86003149 0.5        0.5       ],[0.         1.         0.88235295 1.         1.        ],[0.         0.64864868 0.75       0.24444444 0.24719101],[0.         0.78688525 0.81081081 0.39285714 0.3963964 ],0.7764705896377564,0.5983271032571793,0.37805682718753814,0.6596956849098206,0.4773899191931979
11,2,0.004,4,4,4,4,4,4,4,4,2,0.0,20,32,0.0,[0.80000001 0.26666668 0.78888893 0.75555557 0.24719101],[0.5        0.5        0.82878149 0.83823526 0.5       ],[0.         1.         0.88235295 1.         1.        ],[0.         0.26666668 0.66666669 0.5        0.24719101],[0.         0.42105263 0.75949367 0.66666667 0.3963964 ],0.7764705896377564,0.571660441160202,0.33610487580299375,0.6334033489227295,0.44872187310561723
23,2,0.007,5,5,5,5,5,5,5,5,2,0.1,20,32,0.0,[0.80000001 0.26666668 0.76666671 0.77777779 0.24719101],[0.5        0.5        0.81591386 0.86965239 0.5       ],[0.         1.         0.85294116 0.9545455  1.        ],[0.         0.26666668 0.64444447 0.52500004 0.24719101],[0.         0.42105263 0.73417722 0.67741935 0.3963964 ],0.7614973306655883,0.571660441160202,0.33666043877601626,0.6371132493019104,0.4458091196007854
34,3,0.007,4,4,4,4,4,4,4,4,3,0.0,20,16,0.0,[0.80000001 0.26666668 0.62222224 0.87777781 0.24719101],[0.5        0.5        0.5        0.93415773 0.5       ],[0.         1.         0.         0.86363637 1.        ],[0.         0.26666668 0.         0.7037037  0.24719101],[0.         0.42105263 0.         0.7755102  0.3963964 ],0.5727272748947143,0.5627715528011322,0.24351227879524232,0.5868315458297729,0.31859184641139526
10,2,0.004,4,4,4,4,4,4,4,4,2,0.0,20,16,0.0,[0.80000001 0.85555559 0.62222224 0.24444444 0.24719101],[0.82754624 0.90909088 0.5        0.5        0.5       ],[0.83333331 1.         0.         1.         1.        ],[0.5        0.64864868 0.         0.24444444 0.24719101],[0.625      0.78688525 0.         0.39285714 0.3963964 ],0.7666666626930236,0.5538826614618302,0.32805682718753815,0.6473274230957031,0.44022775703103567
15,2,0.004,4,4,4,4,4,4,4,4,2,0.1,20,32,0.0,[0.81111115 0.26666668 0.75555557 0.24444444 0.67415732],[0.87229937 0.5        0.7904411  0.5        0.78358209],[0.72222221 1.         0.88235295 1.         1.        ],[0.51999998 0.26666668 0.625      0.24444444 0.43137255],[0.60465116 0.42105263 0.73170732 0.39285714 0.60273973],0.9209150314331055,0.5503870338201523,0.41749673187732694,0.6892645120620727,0.5506015960654711
27,2,0.004,5,5,5,5,5,5,5,5,2,0.0,20,32,0.0,[0.80000001 0.26666668 0.62222224 0.81111115 0.24719101],[0.5        0.5        0.5        0.86263371 0.5       ],[0.         1.         0.         0.90909094 1.        ],[0.         0.26666668 0.         0.5714286  0.24719101],[0.         0.42105263 0.         0.70175439 0.3963964 ],0.5818181872367859,0.5494382202625274,0.2170572578907013,0.5725267410278321,0.3038406827880512
26,2,0.004,5,5,5,5,5,5,5,5,2,0.0,20,16,0.0,[0.81111115 0.26666668 0.62222224 0.75555557 0.24719101],[0.88464504 0.5        0.5        0.8449198  0.5       ],[0.72222221 1.         0.         0.9545455  1.        ],[0.51999998 0.26666668 0.         0.5        0.24719101],[0.60465116 0.42105263 0.         0.65625    0.3963964 ],0.7353535413742065,0.5405493319034577,0.3067715346813202,0.6459129691123963,0.4156700381532083
2,2,0.007,4,4,4,4,4,4,4,4,2,0.0,20,16,0.0,[0.80000001 0.26666668 0.62222224 0.75555557 0.24719101],[0.5 0.5 0.5 0.5 0.5],[0. 1. 0. 0. 1.],[0.         0.26666668 0.         0.         0.24719101],[0.         0.42105263 0.         0.         0.3963964 ],0.4,0.5383271038532257,0.10277153849601746,0.5,0.16348980559506876
3,2,0.007,4,4,4,4,4,4,4,4,2,0.0,20,32,0.0,[0.85555559 0.26666668 0.74444449 0.24444444 0.24719101],[0.87577158 0.5        0.81880254 0.5        0.5       ],[0.77777779 1.         0.7647059  1.         1.        ],[0.60869569 0.26666668 0.63414639 0.24444444 0.24719101],[0.68292683 0.42105263 0.69333333 0.39285714 0.3963964 ],0.9084967374801636,0.4716604441404343,0.4002288430929184,0.6389148235321045,0.5173132666868225
