,hiddenLayerOne,learnRate,hiddenLayerTwo,dropout,epochs,regul,batch,accuracy,AUC,recall,precision,F1,meanAcc,meanRec,meanAUC,meanPrec,meanF1
0,6,0.007,6,0.0,10,0.0,32,[0.85555559 0.86666667 0.75555557 0.78888893 0.74157304],[0.9278549  0.9094066  0.80357134 0.8880347  0.87177753],[0.66666669 0.91666669 0.70588237 0.90909094 0.81818187],[0.63157892 0.6875     0.66666669 0.54054058 0.48648649],[0.64864865 0.78571429 0.68571429 0.6779661  0.61016949],0.801647961139679,0.8032977104187011,0.8801290154457092,0.6025545358657837,0.6816425626595117
1,6,0.007,6,0.0,20,0.0,32,[0.87777781 0.84444445 0.76666671 0.78888893 0.83146065],[0.93518519 0.88320714 0.80409658 0.85728616 0.86499321],[0.77777779 0.875      0.79411763 0.68181819 0.72727275],[0.66666669 0.65625    0.65853661 0.55555558 0.63999999],[0.71794872 0.75       0.72       0.6122449  0.68085106],0.8218477129936218,0.7711972713470459,0.8689536571502685,0.6354017734527588,0.6962089359475377
2,6,0.007,6,0.0,10,0.0,64,[0.83333337 0.83333337 0.75555557 0.77777779 0.80898875],[0.9236111  0.90972221 0.83771002 0.87867647 0.90671641],[0.83333331 0.875      0.7352941  0.86363637 0.9545455 ],[0.55555558 0.63636363 0.65789473 0.52777779 0.56756759],[0.66666667 0.73684211 0.69444444 0.65517241 0.71186441],0.8017977714538574,0.8523618578910828,0.8912872433662414,0.5890318632125855,0.6929980073894066
3,6,0.007,6,0.0,20,0.0,64,[0.86666667 0.83333337 0.73333335 0.82222223 0.7977528 ],[0.91165119 0.92171717 0.82615548 0.90040112 0.89721847],[0.72222221 0.83333337 0.67647058 0.90909094 0.90909094],[0.65000004 0.64516127 0.6388889  0.58823532 0.55555558],[0.68421053 0.72727273 0.65714286 0.71428571 0.68965517],0.8106616854667663,0.810041606426239,0.8914286851882934,0.615568220615387,0.6945133994861763
4,6,0.007,6,0.0,10,0.05,32,[0.83333337 0.86666667 0.77777779 0.74444449 0.71910113],[0.90277773 0.93497479 0.82694328 0.82219255 0.8341248 ],[0.72222221 0.91666669 0.70588237 0.9545455  0.90909094],[0.56521738 0.6875     0.70588237 0.48837209 0.46511626],[0.63414634 0.78571429 0.70588235 0.64615385 0.61538462],0.7882646918296814,0.8416815400123596,0.8642026305198669,0.582417619228363,0.6774562883314676
5,6,0.007,6,0.0,20,0.05,32,[0.85555559 0.82222223 0.73333335 0.81111115 0.76404494],[0.90663582 0.89551771 0.80173326 0.90775406 0.83480334],[0.72222221 0.875      0.70588237 0.9545455  0.81818187],[0.61904764 0.61764705 0.63157892 0.56756759 0.51428574],[0.66666667 0.72413793 0.66666667 0.71186441 0.63157895],0.7972534537315369,0.8151663899421692,0.8692888379096985,0.5900253891944885,0.6801829237031796
6,6,0.007,6,0.0,10,0.05,64,[0.85555559 0.82222223 0.75555557 0.82222223 0.76404494],[0.87577164 0.91351008 0.82668066 0.91109622 0.82801902],[0.72222221 1.         0.7647059  0.77272731 0.90909094],[0.61904764 0.60000002 0.65000004 0.60714287 0.51282054],[0.66666667 0.75       0.7027027  0.68       0.6557377 ],0.8039201140403748,0.8337492704391479,0.8710155248641968,0.5978022217750549,0.6910214148574804
7,6,0.007,6,0.0,20,0.05,64,[0.76666671 0.80000001 0.76666671 0.82222223 0.83146065],[0.82870376 0.86616164 0.83298314 0.89806151 0.89755768],[0.55555558 0.66666669 0.70588237 0.90909094 0.86363637],[0.43478262 0.61538464 0.6857143  0.58823532 0.61290324],[0.48780488 0.64       0.69565217 0.71428571 0.71698113],0.7974032640457154,0.7401663899421692,0.864693546295166,0.5874040246009826,0.650944779664602
8,6,0.007,6,0.05,10,0.0,32,[0.82222223 0.85555559 0.75555557 0.81111115 0.78651685],[0.91705251 0.92897725 0.84768903 0.89405084 0.90128905],[0.66666669 0.95833337 0.79411763 0.90909094 0.90909094],[0.54545456 0.65714288 0.64285713 0.5714286  0.54054058],[0.6        0.77966102 0.71052632 0.70175439 0.6779661 ],0.8061922788619995,0.8474599123001099,0.8978117346763611,0.5914847493171692,0.6939815640796907
9,6,0.007,6,0.05,20,0.0,32,[0.86666667 0.86666667 0.80000001 0.80000001 0.76404494],[0.9212963  0.90151513 0.85425419 0.88636363 0.94538677],[0.66666669 0.83333337 0.7352941  0.81818187 0.9545455 ],[0.66666669 0.71428573 0.7352941  0.5625     0.51219517],[0.66666667 0.76923077 0.73529412 0.66666667 0.66666667],0.8194756627082824,0.8016043066978454,0.9017632007598877,0.6381883382797241,0.7009049773755656
10,6,0.007,6,0.05,10,0.0,64,[0.84444445 0.82222223 0.76666671 0.80000001 0.77528089],[0.88657409 0.93308079 0.83771008 0.89004016 0.8968792 ],[0.72222221 0.91666669 0.7647059  0.9545455  0.90909094],[0.59090912 0.6111111  0.66666669 0.55263156 0.52631581],[0.65       0.73333333 0.71232877 0.7        0.66666667],0.8017228603363037,0.8534462451934814,0.8888568639755249,0.5895268559455872,0.6924657534246575
11,6,0.007,6,0.05,20,0.0,64,[0.87777781 0.86666667 0.77777779 0.81111115 0.83146065],[0.90547848 0.92361116 0.8405987  0.88168448 0.91451836],[0.77777779 0.91666669 0.7352941  0.9545455  0.9545455 ],[0.66666669 0.6875     0.69444448 0.56756759 0.60000002],[0.71794872 0.78571429 0.71428571 0.71186441 0.73684211],0.8329588174819946,0.8677659153938293,0.8931782364845275,0.6432357549667358,0.7333310459983073
12,6,0.007,6,0.05,10,0.05,32,[0.77777779 0.81111115 0.74444449 0.80000001 0.77528089],[0.86574078 0.87784088 0.82326674 0.86430484 0.89789689],[0.72222221 0.91666669 0.79411763 0.90909094 0.9545455 ],[0.46428573 0.5945946  0.62790698 0.55555558 0.52500004],[0.56521739 0.72131148 0.7012987  0.68965517 0.67741935],0.7817228674888611,0.8593285918235779,0.8658100247383118,0.5534685850143433,0.6709804190530777
13,6,0.007,6,0.05,20,0.05,32,[0.82222223 0.81111115 0.75555557 0.80000001 0.76404494],[0.8912037  0.90340912 0.83823526 0.88703209 0.83751702],[0.66666669 0.875      0.7352941  0.86363637 0.81818187],[0.54545456 0.60000002 0.65789473 0.55882353 0.51428574],[0.6        0.71186441 0.69444444 0.67857143 0.63157895],0.79058678150177,0.7917558073997497,0.8714794397354126,0.5752917170524597,0.6632918454327911
14,6,0.007,6,0.05,10,0.05,64,[0.83333337 0.81111115 0.82222223 0.78888893 0.74157304],[0.89120376 0.90372479 0.87447476 0.88536096 0.85786974],[0.83333331 0.95833337 0.94117647 0.9545455  0.90909094],[0.55555558 0.58974361 0.69565219 0.53846157 0.48780489],[0.66666667 0.73015873 0.8        0.68852459 0.63492063],0.799425745010376,0.9192959189414978,0.8825268030166626,0.5734435677528381,0.7040541243819931
15,6,0.007,6,0.05,20,0.05,64,[0.80000001 0.83333337 0.78888893 0.85555559 0.73033708],[0.88194448 0.90404046 0.83744752 0.90240639 0.84769332],[0.72222221 0.95833337 0.82352942 0.86363637 0.81818187],[0.5        0.62162161 0.68292683 0.65517241 0.47368422],[0.59090909 0.75409836 0.74666667 0.74509804 0.6       ],0.801622998714447,0.8371806502342224,0.8747064352035523,0.5866810142993927,0.6873544314894363
16,6,0.004,6,0.0,10,0.0,32,[0.85555559 0.82222223 0.76666671 0.78888893 0.77528089],[0.90354943 0.92013896 0.85031509 0.90340906 0.88839895],[0.72222221 0.91666669 0.82352942 0.81818187 0.81818187],[0.61904764 0.6111111  0.6511628  0.54545456 0.52941179],[0.66666667 0.73333333 0.72727273 0.65454545 0.64285714],0.8017228722572327,0.8197564125061035,0.8931622982025147,0.5912375807762146,0.6849350649350648
17,6,0.004,6,0.0,20,0.0,32,[0.84444445 0.84444445 0.76666671 0.80000001 0.73033708],[0.88618827 0.90025252 0.81197476 0.87600267 0.8578698 ],[0.55555558 0.875      0.70588237 0.77272731 0.77272731],[0.625      0.65625    0.6857143  0.56666672 0.47222224],[0.58823529 0.75       0.69565217 0.65384615 0.5862069 ],0.7971785426139831,0.7363785147666931,0.8664576053619385,0.6011706531047821,0.6547881036857137
18,6,0.004,6,0.0,10,0.0,64,[0.80000001 0.85555559 0.75555557 0.78888893 0.73033708],[0.81172842 0.93907833 0.81433827 0.86965239 0.87516958],[0.66666669 0.91666669 0.82352942 0.9545455  0.86363637],[0.5        0.66666669 0.63636363 0.53846157 0.47499999],[0.57142857 0.77192982 0.71794872 0.68852459 0.61290323],0.7860674381256103,0.845008933544159,0.8619933962821961,0.563298374414444,0.6725469859818157
19,6,0.004,6,0.0,20,0.0,64,[0.85555559 0.83333337 0.76666671 0.81111115 0.75280899],[0.90239203 0.93402779 0.85976887 0.90240645 0.92265946],[0.66666669 0.91666669 0.70588237 0.9545455  0.90909094],[0.63157892 0.62857145 0.6857143  0.56756759 0.5       ],[0.64864865 0.74576271 0.69565217 0.71186441 0.64516129],0.8038951635360718,0.8305704355239868,0.9042509198188782,0.6026864528656006,0.689417846305668
20,6,0.004,6,0.0,10,0.05,32,[0.76666671 0.80000001 0.74444449 0.82222223 0.76404494],[0.83796293 0.9084596  0.85320377 0.89171124 0.88127548],[0.77777779 0.91666669 0.70588237 0.90909094 0.90909094],[0.45161289 0.57894737 0.64864868 0.58823532 0.51282054],[0.57142857 0.70967742 0.67605634 0.71428571 0.6557377 ],0.7794756770133973,0.8437017440795899,0.874522602558136,0.5560529589653015,0.6654371496030652
21,6,0.004,6,0.0,20,0.05,32,[0.83333337 0.78888893 0.75555557 0.82222223 0.73033708],[0.91782403 0.85921717 0.79227942 0.91911763 0.84464049],[0.66666669 0.79166669 0.64705884 0.90909094 0.90909094],[0.5714286  0.57575762 0.6875     0.58823532 0.47619048],[0.61538462 0.66666667 0.66666667 0.71428571 0.625     ],0.7860674381256103,0.7847148180007935,0.8666157484054565,0.5798224031925201,0.6576007326007326
22,6,0.004,6,0.0,10,0.05,64,[0.76666671 0.83333337 0.75555557 0.84444445 0.73033708],[0.83256173 0.905303   0.83613449 0.91310161 0.81852108],[0.6111111  0.91666669 0.79411763 0.9545455  0.90909094],[0.44       0.62857145 0.64285713 0.61764705 0.47619048],[0.51162791 0.74576271 0.71052632 0.75       0.625     ],0.7860674381256103,0.8371063709259033,0.8611243844032288,0.5610532224178314,0.668583386926125
23,6,0.004,6,0.0,20,0.05,64,[0.83333337 0.77777779 0.75555557 0.81111115 0.76404494],[0.9074074  0.87878788 0.83849794 0.88268715 0.85820901],[0.77777779 0.83333337 0.7352941  0.90909094 0.77272731],[0.56       0.55555558 0.65789473 0.5714286  0.5151515 ],[0.65116279 0.66666667 0.69444444 0.70175439 0.61818182],0.788364565372467,0.8056447029113769,0.8731178760528564,0.57200608253479,0.6664420211911033
24,6,0.004,6,0.05,10,0.0,32,[0.82222223 0.84444445 0.75555557 0.83333337 0.78651685],[0.91743827 0.9191919  0.83482146 0.87199199 0.90400273],[0.66666669 0.875      0.7352941  0.90909094 0.90909094],[0.54545456 0.65625    0.65789473 0.60606062 0.54054058],[0.6        0.75       0.69444444 0.72727273 0.6779661 ],0.8084144949913025,0.8190285325050354,0.8894892692565918,0.6012400984764099,0.6899366546824174
25,6,0.004,6,0.05,20,0.0,32,[0.86666667 0.85555559 0.76666671 0.85555559 0.75280899],[0.93016982 0.90624994 0.83088237 0.90173799 0.87822258],[0.66666669 0.83333337 0.7352941  0.90909094 0.9545455 ],[0.66666669 0.68965518 0.67567569 0.64516127 0.5       ],[0.66666667 0.75471698 0.70422535 0.75471698 0.65625   ],0.8194507122039795,0.8197861194610596,0.8894525408744812,0.6354317665100098,0.7073151962086988
26,6,0.004,6,0.05,10,0.0,64,[0.82222223 0.82222223 0.75555557 0.83333337 0.73033708],[0.88888896 0.94286615 0.8240546  0.90574867 0.86465394],[0.72222221 0.91666669 0.85294116 1.         0.90909094],[0.54166669 0.6111111  0.63043481 0.5945946  0.47619048],[0.61904762 0.73333333 0.725      0.74576271 0.625     ],0.7927340984344482,0.8801841974258423,0.8852424621582031,0.5707995355129242,0.6896287328490718
27,6,0.004,6,0.05,20,0.0,64,[0.78888893 0.85555559 0.75555557 0.82222223 0.76404494],[0.86188269 0.94160354 0.83429617 0.92045462 0.92673004],[0.72222221 0.95833337 0.7352941  0.86363637 1.        ],[0.48148149 0.65714288 0.65789473 0.59375    0.51162791],[0.57777778 0.77966102 0.69444444 0.7037037  0.67692308],0.7972534537315369,0.8558972120285034,0.8969934105873107,0.5803794026374817,0.6865020039596311
28,6,0.004,6,0.05,10,0.05,32,[0.82222223 0.83333337 0.76666671 0.73333335 0.73033708],[0.9124229  0.92329544 0.80514711 0.8101604  0.84464049],[0.83333331 0.95833337 0.82352942 1.         0.90909094],[0.53571433 0.62162161 0.6511628  0.47826087 0.47619048],[0.65217391 0.75409836 0.72727273 0.64705882 0.625     ],0.7771785497665405,0.9048574090003967,0.859133267402649,0.5525900185108185,0.681120764900271
29,6,0.004,6,0.05,20,0.05,32,[0.85555559 0.81111115 0.76666671 0.80000001 0.80898875],[0.92554015 0.91761363 0.83350837 0.90106952 0.9097693 ],[0.77777779 1.         0.7647059  0.90909094 0.81818187],[0.60869569 0.58536589 0.66666669 0.55555558 0.58064514],[0.68292683 0.73846154 0.71232877 0.68965517 0.67924528],0.8084644436836242,0.8539512991905213,0.897500193119049,0.5993857979774475,0.7005235180571561
30,6,0.004,6,0.05,10,0.05,64,[0.80000001 0.84444445 0.72222227 0.62222224 0.77528089],[0.84182096 0.94570708 0.79464287 0.7523396  0.90909094],[0.77777779 0.95833337 0.70588237 0.86363637 0.90909094],[0.5        0.6388889  0.61538464 0.38       0.52631581],[0.60869565 0.76666667 0.65753425 0.52777778 0.66666667],0.7528339743614196,0.8429441690444947,0.8487202882766723,0.5321178674697876,0.6454682019720732
31,6,0.004,6,0.05,20,0.05,64,[0.85555559 0.83333337 0.75555557 0.77777779 0.78651685],[0.91396606 0.90246212 0.83692229 0.86631012 0.87856174],[0.8888889  1.         0.82352942 0.90909094 0.86363637],[0.5925926  0.61538464 0.63636363 0.52631581 0.54285717],[0.71111111 0.76190476 0.71794872 0.66666667 0.66666667],0.8017478346824646,0.8970291256904602,0.8796444654464721,0.5827027678489685,0.7048595848595849
32,6,0.007,5,0.0,10,0.0,32,[0.82222223 0.84444445 0.76666671 0.82222223 0.8202247 ],[0.90779322 0.92771471 0.84558821 0.86831552 0.9206242 ],[0.66666669 0.95833337 0.70588237 0.90909094 0.86363637],[0.54545456 0.6388889  0.6857143  0.58823532 0.59375   ],[0.6        0.76666667 0.69565217 0.71428571 0.7037037 ],0.8151560664176941,0.8207219481468201,0.8940071702003479,0.610408616065979,0.6960616517138256
33,6,0.007,5,0.0,20,0.0,32,[0.82222223 0.77777779 0.77777779 0.81111115 0.74157304],[0.87885803 0.81029046 0.81407559 0.89171129 0.84565806],[0.6111111  0.625      0.79411763 0.68181819 0.72727275],[0.55000001 0.57692307 0.67500001 0.59999996 0.4848485 ],[0.57894737 0.6        0.72972973 0.63829787 0.58181818],0.7860924005508423,0.6878639340400696,0.8481186866760254,0.5773543119430542,0.625758630461878
34,6,0.007,5,0.0,10,0.0,64,[0.81111115 0.81111115 0.80000001 0.82222223 0.77528089],[0.87847227 0.9223485  0.87132347 0.87232625 0.88670278],[0.72222221 0.91666669 0.79411763 0.86363637 0.9545455 ],[0.51999998 0.5945946  0.71052635 0.59375    0.52500004],[0.60465116 0.72131148 0.75       0.7037037  0.67741935],0.8039450883865357,0.8502376794815063,0.8862346529960632,0.5887741923332215,0.6914171393485895
35,6,0.007,5,0.0,20,0.0,64,[0.87777781 0.87777781 0.76666671 0.81111115 0.8202247 ],[0.89236116 0.93907827 0.87421221 0.89772725 0.91417909],[0.66666669 0.91666669 0.67647058 0.86363637 1.        ],[0.70588237 0.7096774  0.69696975 0.57575762 0.57894737],[0.68571429 0.8        0.68656716 0.69090909 0.73333333],0.8307116389274597,0.8246880650520325,0.9035115957260131,0.653446900844574,0.7193047748271629
36,6,0.007,5,0.0,10,0.05,32,[0.82222223 0.82222223 0.73333335 0.82222223 0.75280899],[0.90432101 0.90372473 0.81932771 0.90040106 0.82700133],[0.77777779 0.91666669 0.64705884 0.86363637 0.86363637],[0.53846157 0.6111111  0.64705884 0.59375    0.5       ],[0.63636364 0.73333333 0.64705882 0.7037037  0.63333333],0.7905618071556091,0.813755214214325,0.8709551692008972,0.5780763030052185,0.6707585660526837
37,6,0.007,5,0.0,20,0.05,32,[0.81111115 0.78888893 0.78888893 0.80000001 0.77528089],[0.82986116 0.85479796 0.82431722 0.87366307 0.79240167],[0.72222221 0.79166669 0.85294116 0.77272731 0.77272731],[0.51999998 0.57575762 0.67441863 0.56666672 0.53125   ],[0.60465116 0.66666667 0.75324675 0.65384615 0.62962963],0.7928339838981628,0.7824569344520569,0.8350082159042358,0.5736185908317566,0.6616080732359803
38,6,0.007,5,0.0,10,0.05,64,[0.85555559 0.77777779 0.74444449 0.77777779 0.73033708],[0.92862648 0.88952017 0.82037818 0.88201874 0.878901  ],[0.77777779 0.95833337 0.82352942 0.90909094 0.9545455 ],[0.60869569 0.54761904 0.62222224 0.52631581 0.47727275],[0.68292683 0.6969697  0.70886076 0.66666667 0.63636364],0.7771785497665405,0.8846554040908814,0.879888916015625,0.5564251065254211,0.6783575177523927
39,6,0.007,5,0.0,20,0.05,64,[0.85555559 0.87777781 0.77777779 0.83333337 0.76404494],[0.90547842 0.90214652 0.82300413 0.89405084 0.86499321],[0.6111111  0.83333337 0.7352941  0.68181819 0.81818187],[0.64705884 0.74074078 0.69444448 0.65217394 0.51428574],[0.62857143 0.78431373 0.71428571 0.66666667 0.63157895],0.8216979026794433,0.7359477281570435,0.8779346227645874,0.6497407555580139,0.6850832964764854
40,6,0.007,5,0.05,10,0.0,32,[0.85555559 0.81111115 0.74444449 0.82222223 0.76404494],[0.92206788 0.90498734 0.84138662 0.89471924 0.89552248],[0.66666669 0.91666669 0.7647059  0.9545455  0.9545455 ],[0.63157892 0.5945946  0.63414639 0.58333331 0.51219517],[0.64864865 0.72131148 0.69333333 0.72413793 0.66666667],0.7994756817817688,0.8514260530471802,0.8917367100715637,0.5911696791648865,0.6908196110185936
41,6,0.007,5,0.05,20,0.0,32,[0.87777781 0.84444445 0.78888893 0.81111115 0.80898875],[0.92052472 0.90340912 0.85425419 0.90207219 0.87618721],[0.77777779 0.91666669 0.7647059  0.68181819 0.72727275],[0.66666669 0.64705884 0.7027027  0.59999996 0.5925926 ],[0.71794872 0.75862069 0.73239437 0.63829787 0.65306122],0.8262422204017639,0.7736482620239258,0.891289484500885,0.6418041586875916,0.700064574126259
42,6,0.007,5,0.05,10,0.0,64,[0.83333337 0.84444445 0.75555557 0.83333337 0.73033708],[0.8209877  0.93371212 0.82011551 0.89739299 0.88839889],[0.66666669 0.95833337 0.79411763 1.         1.        ],[0.5714286  0.6388889  0.64285713 0.5945946  0.47826087],[0.61538462 0.76666667 0.71052632 0.74576271 0.64705882],0.7994007706642151,0.8838235378265381,0.8721214413642884,0.5852060198783875,0.6970798266469148
43,6,0.007,5,0.05,20,0.0,64,[0.84444445 0.83333337 0.76666671 0.78888893 0.76404494],[0.92746913 0.91508836 0.8545168  0.86497325 0.87075984],[0.6111111  0.83333337 0.7647059  0.77272731 0.86363637],[0.6111111  0.64516127 0.66666669 0.54838705 0.51351351],[0.61111111 0.72727273 0.71232877 0.64150943 0.6440678 ],0.7994756817817688,0.7691028118133545,0.8865614771842957,0.5969679236412049,0.6672579672159119
44,6,0.007,5,0.05,10,0.05,32,[0.81111115 0.86666667 0.80000001 0.78888893 0.75280899],[0.87538576 0.91066921 0.83455873 0.88903749 0.85040706],[0.66666669 0.91666669 0.79411763 0.9545455  0.90909094],[0.52173913 0.6875     0.71052635 0.53846157 0.5       ],[0.58536585 0.78571429 0.75       0.68852459 0.64516129],0.8038951516151428,0.8482174873352051,0.8720116496086121,0.5916454076766968,0.6909532039718674
45,6,0.007,5,0.05,20,0.05,32,[0.83333337 0.83333337 0.77777779 0.81111115 0.78651685],[0.92978394 0.90814394 0.81276262 0.89004016 0.89993215],[0.83333331 0.79166669 0.67647058 0.81818187 0.72727275],[0.55555558 0.65517241 0.71875    0.58064514 0.55172414],[0.66666667 0.71698113 0.6969697  0.67924528 0.62745098],0.8084145069122315,0.769385039806366,0.8881325602531434,0.6123694539070129,0.6774627518245719
46,6,0.007,5,0.05,10,0.05,64,[0.82222223 0.84444445 0.73333335 0.75555557 0.75280899],[0.90470678 0.89898992 0.85372901 0.89939839 0.90603805],[0.83333331 0.91666669 0.70588237 0.90909094 0.90909094],[0.53571433 0.64705884 0.63157892 0.5        0.5       ],[0.65217391 0.75862069 0.66666667 0.64516129 0.64516129],0.7816729187965393,0.8548128485679627,0.8925724267959595,0.5628704190254211,0.6735567700020957
47,6,0.007,5,0.05,20,0.05,64,[0.83333337 0.81111115 0.73333335 0.82222223 0.69662923],[0.91280866 0.90625    0.82589287 0.89438504 0.82767975],[0.72222221 0.91666669 0.70588237 0.86363637 0.72727275],[0.56521738 0.5945946  0.63157892 0.59375    0.43243244],[0.63414634 0.72131148 0.66666667 0.7037037  0.54237288],0.7793258666992188,0.7871360778808594,0.873403263092041,0.563514667749405,0.6536402137199107
48,6,0.004,5,0.0,10,0.0,32,[0.81111115 0.84444445 0.75555557 0.83333337 0.76404494],[0.89814818 0.95612371 0.86633396 0.90641713 0.87483037],[0.6111111  0.95833337 0.79411763 0.9545455  0.86363637],[0.52380955 0.6388889  0.64285713 0.60000002 0.51351351],[0.56410256 0.76666667 0.71052632 0.73684211 0.6440678 ],0.8016978979110718,0.8363487958908081,0.9003706693649292,0.5838138222694397,0.6844410896864065
49,6,0.004,5,0.0,20,0.0,32,[0.87777781 0.83333337 0.74444449 0.86666667 0.80898875],[0.90856475 0.90656561 0.82011557 0.9227941  0.90061069],[0.72222221 0.95833337 0.7352941  1.         0.90909094],[0.68421054 0.62162161 0.64102566 0.64705884 0.5714286 ],[0.7027027  0.75409836 0.68493151 0.78571429 0.70175439],0.8262422204017639,0.8649881243705749,0.8917301416397094,0.6330690503120422,0.7258402483773907
50,6,0.004,5,0.0,10,0.0,64,[0.77777779 0.85555559 0.77777779 0.83333337 0.77528089],[0.83873457 0.9352904  0.85976899 0.90240645 0.9111262 ],[0.72222221 0.95833337 0.82352942 0.86363637 0.90909094],[0.46428573 0.65714288 0.66666669 0.61290324 0.52631581],[0.56521739 0.77966102 0.73684211 0.71698113 0.66666667],0.8039450883865357,0.8553624629974366,0.8894653201103211,0.5854628682136536,0.6930736624517593
51,6,0.004,5,0.0,20,0.0,64,[0.84444445 0.83333337 0.77777779 0.82222223 0.77528089],[0.91358018 0.92960858 0.83718491 0.90808827 0.86567169],[0.83333331 0.91666669 0.7647059  0.9545455  0.9545455 ],[0.57692307 0.62857145 0.68421054 0.58333331 0.52500004],[0.68181818 0.74576271 0.72222222 0.72413793 0.67741935],0.8106117486953736,0.8847593784332275,0.8908267259597779,0.5996076822280884,0.7102720803556007
52,6,0.004,5,0.0,10,0.05,32,[0.84444445 0.84444445 0.75555557 0.82222223 0.80898875],[0.93094134 0.91792929 0.85346639 0.89371657 0.89179105],[0.8888889  0.91666669 0.79411763 1.         0.77272731],[0.5714286  0.64705884 0.64285713 0.57894737 0.58620691],[0.69565217 0.75862069 0.71052632 0.73333333 0.66666667],0.8151310920715332,0.8744801044464111,0.8975689291954041,0.6052997708320618,0.7129598358715379
53,6,0.004,5,0.0,20,0.05,32,[0.84444445 0.85555559 0.80000001 0.76666671 0.75280899],[0.91319448 0.90340912 0.85057771 0.8425802  0.8632971 ],[0.66666669 0.875      0.7647059  0.72727275 0.81818187],[0.60000002 0.6774193  0.72222221 0.51612902 0.5       ],[0.63157895 0.76363636 0.74285714 0.60377358 0.62068966],0.8038951516151428,0.7703654408454895,0.8746117234230042,0.6031541109085083,0.6725071387880003
54,6,0.004,5,0.0,10,0.05,64,[0.80000001 0.83333337 0.67777777 0.76666671 0.75280899],[0.92168212 0.7844066  0.79936981 0.59458554 0.81478971],[0.83333331 0.625      0.79411763 0.13636364 0.90909094],[0.5        0.71428573 0.55102038 0.60000002 0.5       ],[0.625      0.66666667 0.65060241 0.22222222 0.64516129],0.7661173701286316,0.6595811039209366,0.7829667568206787,0.5730612277984619,0.5619305177700047
55,6,0.004,5,0.0,20,0.05,64,[0.85555559 0.83333337 0.75555557 0.77777779 0.75280899],[0.86574072 0.89678025 0.83665967 0.89004016 0.86668932],[0.77777779 0.83333337 0.7352941  0.9545455  0.81818187],[0.60869569 0.64516127 0.65789473 0.52500004 0.5       ],[0.68292683 0.72727273 0.69444444 0.67741935 0.62068966],0.795006263256073,0.82382652759552,0.8711820244789124,0.5873503446578979,0.6805506021993176
56,6,0.004,5,0.05,10,0.0,32,[0.81111115 0.85555559 0.80000001 0.81111115 0.76404494],[0.90393519 0.93276513 0.83482146 0.90207219 0.89891452],[0.55555558 0.875      0.85294116 0.90909094 0.9545455 ],[0.52631581 0.6774193  0.69047618 0.5714286  0.51219517],[0.54054054 0.76363636 0.76315789 0.70175439 0.66666667],0.8083645701408386,0.8294266343116761,0.8945016980171203,0.5955670118331909,0.687151170309065
57,6,0.004,5,0.05,20,0.0,32,[0.85555559 0.85555559 0.78888893 0.78888893 0.78651685],[0.89043212 0.88162881 0.86055666 0.88803482 0.890095  ],[0.66666669 0.875      0.79411763 0.90909094 0.86363637],[0.63157892 0.6774193  0.69230771 0.54054058 0.54285717],[0.64864865 0.76363636 0.73972603 0.6779661  0.66666667],0.8150811791419983,0.8217023253440857,0.8821494817733765,0.6169407367706299,0.6993287616087709
58,6,0.004,5,0.05,10,0.0,64,[0.83333337 0.76666671 0.75555557 0.82222223 0.74157304],[0.87422836 0.88005054 0.83718491 0.87232625 0.84260511],[0.72222221 0.91666669 0.91176468 0.81818187 0.9545455 ],[0.56521738 0.53658539 0.62       0.60000002 0.48837209],[0.63414634 0.67692308 0.73809524 0.69230769 0.64615385],0.7838701844215393,0.8646761894226074,0.861279034614563,0.5620349764823913,0.6775252389886537
59,6,0.004,5,0.05,20,0.0,64,[0.81111115 0.84444445 0.77777779 0.82222223 0.78651685],[0.88773143 0.93465906 0.84033614 0.90608293 0.90671647],[0.66666669 0.95833337 0.7647059  0.90909094 1.        ],[0.52173913 0.6388889  0.68421054 0.58823532 0.53658539],[0.58536585 0.76666667 0.72222222 0.71428571 0.6984127 ],0.8084144949913025,0.8597593784332276,0.8951052069664002,0.5939318537712097,0.6973906310491678
60,6,0.004,5,0.05,10,0.05,32,[0.83333337 0.86666667 0.74444449 0.77777779 0.75280899],[0.89814818 0.88825756 0.84821427 0.87800801 0.81818187],[0.72222221 0.79166669 0.7647059  0.90909094 0.77272731],[0.56521738 0.73076928 0.63414639 0.52631581 0.5       ],[0.63414634 0.76       0.69333333 0.66666667 0.60714286],0.795006263256073,0.7920826077461243,0.8661619782447815,0.5912897706031799,0.6722578397212543
61,6,0.004,5,0.05,20,0.05,32,[0.81111115 0.80000001 0.72222227 0.82222223 0.76404494],[0.89660496 0.84122479 0.80304617 0.89872998 0.91112626],[0.66666669 0.875      0.7352941  0.9545455  0.86363637],[0.52173913 0.58333331 0.60975611 0.58333331 0.51351351],[0.58536585 0.7        0.66666667 0.72413793 0.6440678 ],0.7839201211929321,0.8190285325050354,0.8701464295387268,0.5623350739479065,0.6640476495939711
62,6,0.004,5,0.05,10,0.05,64,[0.78888893 0.82222223 0.77777779 0.75555557 0.80898875],[0.85841048 0.90845954 0.80199581 0.85260695 0.88772047],[0.6111111  1.         0.7352941  0.9545455  0.90909094],[0.47826087 0.60000002 0.69444448 0.5        0.5714286 ],[0.53658537 0.75       0.71428571 0.65625    0.70175439],0.7906866550445557,0.8420083284378052,0.8618386507034301,0.5688267946243286,0.671775093220857
63,6,0.004,5,0.05,20,0.05,64,[0.84444445 0.83333337 0.76666671 0.82222223 0.7977528 ],[0.9212963  0.89551771 0.84453785 0.90975934 0.92978287],[0.83333331 0.83333337 0.70588237 1.         1.        ],[0.57692307 0.64516127 0.6857143  0.57894737 0.55000001],[0.68181818 0.72727273 0.69565217 0.73333333 0.70967742],0.8128839135169983,0.8745098114013672,0.9001788139343262,0.6073492050170899,0.7095507671384249
64,5,0.007,6,0.0,10,0.0,32,[0.85555559 0.83333337 0.77777779 0.78888893 0.77528089],[0.85725313 0.91792929 0.85399163 0.88368982 0.87483037],[0.72222221 0.875      0.7647059  0.81818187 0.9545455 ],[0.61904764 0.63636363 0.68421054 0.54545456 0.52500004],[0.66666667 0.73684211 0.72222222 0.65454545 0.67741935],0.8061673164367675,0.826931095123291,0.8775388479232789,0.6020152807235718,0.6915391607072422
65,5,0.007,6,0.0,20,0.0,32,[0.84444445 0.85555559 0.77777779 0.81111115 0.80898875],[0.86651242 0.90751261 0.81801474 0.85561502 0.90128899],[0.66666669 0.79166669 0.82352942 0.68181819 0.86363637],[0.60000002 0.7037037  0.66666669 0.59999996 0.57575762],[0.63157895 0.74509804 0.73684211 0.63829787 0.69090909],0.8195755481719971,0.7654634714126587,0.8697887539863587,0.6292255997657776,0.6885452110193563
66,5,0.007,6,0.0,10,0.0,64,[0.81111115 0.84444445 0.76666671 0.77777779 0.80898875],[0.88541669 0.90972221 0.8495273  0.88302147 0.94029856],[0.72222221 0.83333337 0.82352942 0.86363637 1.        ],[0.51999998 0.66666669 0.6511628  0.52777779 0.56410259],[0.60465116 0.74074074 0.72727273 0.65517241 0.72131148],0.8017977714538574,0.8485442757606506,0.8935972452163696,0.5859419703483582,0.689829704001421
67,5,0.007,6,0.0,20,0.0,64,[0.86666667 0.86666667 0.77777779 0.78888893 0.77528089],[0.87538582 0.88257575 0.84033608 0.85260701 0.8934871 ],[0.66666669 0.91666669 0.7647059  0.72727275 0.86363637],[0.66666669 0.6875     0.68421054 0.55172414 0.52777779],[0.66666667 0.78571429 0.72222222 0.62745098 0.65517241],0.8150561928749085,0.7877896785736084,0.8688783526420594,0.6235758304595947,0.6914453137576869
68,5,0.007,6,0.0,10,0.05,32,[0.86666667 0.73333335 0.75555557 0.85555559 0.80898875],[0.91358024 0.89015156 0.82930672 0.87132347 0.84090912],[0.72222221 0.83333337 0.7647059  0.81818187 0.86363637],[0.65000004 0.5        0.65000004 0.66666669 0.57575762],[0.68421053 0.625      0.7027027  0.73469388 0.69090909],0.8040199875831604,0.8004159450531005,0.8690542221069336,0.6084848761558532,0.6875032394957207
69,5,0.007,6,0.0,20,0.05,32,[0.86666667 0.83333337 0.76666671 0.82222223 0.70786518],[0.92322528 0.88573229 0.81565124 0.89371657 0.81682497],[0.66666669 0.79166669 0.7647059  0.86363637 0.77272731],[0.66666669 0.65517241 0.66666669 0.59375    0.44736841],[0.66666667 0.71698113 0.71232877 0.7037037  0.56666667],0.7993508338928222,0.77188059091568,0.8670300722122193,0.6059248387813568,0.6732693872471593
70,5,0.007,6,0.0,10,0.05,64,[0.85555559 0.82222223 0.77777779 0.75555557 0.75280899],[0.92862648 0.92203289 0.82431722 0.90274072 0.89823616],[0.83333331 0.91666669 0.79411763 0.90909094 0.90909094],[0.59999996 0.6111111  0.67500001 0.5        0.5       ],[0.69767442 0.73333333 0.72972973 0.64516129 0.64516129],0.7927840352058411,0.8724599003791809,0.895190691947937,0.577222216129303,0.690212012462575
71,5,0.007,6,0.0,20,0.05,64,[0.77777779 0.81111115 0.78888893 0.81111115 0.7977528 ],[0.8611111  0.87373745 0.86633402 0.89004004 0.8934871 ],[0.55555558 0.875      0.7647059  1.         0.90909094],[0.45454547 0.60000002 0.7027027  0.56410259 0.55555558],[0.5        0.71186441 0.73239437 0.72131148 0.68965517],0.7973283648490905,0.8208704829216004,0.8769419431686402,0.5753812730312348,0.6710450841600947
72,5,0.007,6,0.05,10,0.0,32,[0.85555559 0.84444445 0.75555557 0.80000001 0.74157304],[0.90972221 0.94318187 0.84033614 0.86229944 0.88636363],[0.72222221 0.91666669 0.79411763 0.77272731 0.81818187],[0.61904764 0.64705884 0.64285713 0.56666672 0.48648649],[0.66666667 0.75862069 0.71052632 0.65384615 0.61016949],0.799425733089447,0.8047831416130066,0.8883806586265564,0.5924233675003052,0.6799658634965782
73,5,0.007,6,0.05,20,0.0,32,[0.84444445 0.82222223 0.75555557 0.80000001 0.87640452],[0.89429009 0.89267683 0.80987394 0.89171124 0.92232025],[0.72222221 0.91666669 0.7647059  0.90909094 0.90909094],[0.59090912 0.6111111  0.65000004 0.55555558 0.68965518],[0.65       0.73333333 0.7027027  0.68965517 0.78431373],0.8197253584861756,0.84435533285141,0.8821744680404663,0.6194462060928345,0.712000986788005
74,5,0.007,6,0.05,10,0.0,64,[0.85555559 0.82222223 0.76666671 0.77777779 0.77528089],[0.94367278 0.91098487 0.88077724 0.86463904 0.91383988],[0.83333331 0.95833337 0.79411763 0.90909094 0.9545455 ],[0.59999996 0.60526317 0.65853661 0.52631581 0.52500004],[0.69767442 0.74193548 0.72       0.66666667 0.67741935],0.7995006442070007,0.8898841500282287,0.9027827620506287,0.5830231189727784,0.7007391847961991
75,5,0.007,6,0.05,20,0.0,64,[0.83333337 0.84444445 0.81111115 0.8888889  0.77528089],[0.89158952 0.90782833 0.85031515 0.92981279 0.90094978],[0.55555558 0.91666669 0.7352941  0.90909094 0.9545455 ],[0.58823532 0.64705884 0.75757575 0.71428573 0.52500004],[0.57142857 0.75862069 0.74626866 0.8        0.67741935],0.8306117534637452,0.8142305612564087,0.8960991144180298,0.6464311361312867,0.7107474545277743
76,5,0.007,6,0.05,10,0.05,32,[0.83333337 0.78888893 0.76666671 0.81111115 0.77528089],[0.91126543 0.89898992 0.79989499 0.86631012 0.82801902],[0.83333331 0.91666669 0.85294116 0.77272731 0.81818187],[0.55555558 0.56410259 0.64444447 0.58620691 0.52941179],[0.66666667 0.6984127  0.73417722 0.66666667 0.64285714],0.7950562119483948,0.838770067691803,0.8608958959579468,0.5759442687034607,0.6817560779586096
77,5,0.007,6,0.05,20,0.05,32,[0.83333337 0.82222223 0.76666671 0.81111115 0.77528089],[0.89197528 0.87184346 0.82956934 0.91343582 0.8565129 ],[0.72222221 0.79166669 0.70588237 0.9545455  0.77272731],[0.56521738 0.63333338 0.6857143  0.56756759 0.53125   ],[0.63414634 0.7037037  0.69565217 0.71186441 0.62962963],0.8017228722572327,0.7894088149070739,0.8726673603057862,0.596616530418396,0.6749992510978905
78,5,0.007,6,0.05,10,0.05,64,[0.83333337 0.82222223 0.80000001 0.82222223 0.76404494],[0.91165125 0.89614898 0.84532565 0.89772725 0.87042058],[0.8888889  0.83333337 0.79411763 1.         0.9545455 ],[0.55172414 0.625      0.71052635 0.57894737 0.51219517],[0.68085106 0.71428571 0.75       0.73333333 0.66666667],0.8083645582199097,0.8941770792007446,0.8842547416687012,0.5956786036491394,0.7090273556231003
79,5,0.007,6,0.05,20,0.05,64,[0.83333337 0.77777779 0.77777779 0.82222223 0.78651685],[0.90046299 0.89646471 0.83298314 0.90641719 0.86092269],[0.8888889  0.91666669 0.70588237 0.9545455  0.9545455 ],[0.55172414 0.55000001 0.70588237 0.58333331 0.53846157],[0.68085106 0.6875     0.70588235 0.72413793 0.68852459],0.7995256066322327,0.8841057896614075,0.8794501423835754,0.5858802795410156,0.6973791875938761
80,5,0.004,6,0.0,10,0.0,32,[0.8888889  0.83333337 0.78888893 0.81111115 0.74157304],[0.88387346 0.91824496 0.85425425 0.87332886 0.83446407],[0.72222221 0.95833337 0.85294116 0.81818187 0.9545455 ],[0.72222221 0.62162161 0.67441863 0.58064514 0.48837209],[0.72222222 0.75409836 0.75324675 0.67924528 0.64615385],0.8127590775489807,0.8612448215484619,0.8728331208229065,0.6174559354782104,0.7109932930594854
81,5,0.004,6,0.0,20,0.0,32,[0.85555559 0.80000001 0.75555557 0.84444445 0.85393262],[0.9201389  0.88005054 0.79884458 0.90407753 0.92164183],[0.66666669 0.875      0.85294116 0.90909094 0.9545455 ],[0.63157892 0.58333331 0.63043481 0.625      0.63636363],[0.64864865 0.7        0.725      0.74074074 0.76363636],0.8218976497650147,0.8516488552093506,0.8849506735801697,0.621342134475708,0.7156051506051505
82,5,0.004,6,0.0,10,0.0,64,[0.80000001 0.83333337 0.76666671 0.80000001 0.75280899],[0.87461424 0.90688133 0.82773107 0.90641713 0.90400273],[0.77777779 0.95833337 0.79411763 1.         0.90909094],[0.5        0.62162161 0.65853661 0.55000001 0.5       ],[0.60869565 0.75409836 0.72       0.70967742 0.64516129],0.7905618190765381,0.8878639459609985,0.8839293003082276,0.5660316467285156,0.687526544501414
83,5,0.004,6,0.0,20,0.0,64,[0.83333337 0.85555559 0.75555557 0.83333337 0.77528089],[0.88040125 0.92203283 0.84427518 0.91377008 0.87822247],[0.72222221 0.91666669 0.7647059  0.9545455  0.90909094],[0.56521738 0.66666669 0.65000004 0.60000002 0.52631581],[0.63414634 0.77192982 0.7027027  0.73684211 0.66666667],0.8106117606163025,0.8534462451934814,0.8877403616905213,0.601639986038208,0.702457528131469
84,5,0.004,6,0.0,10,0.05,32,[0.82222223 0.85555559 0.73333335 0.80000001 0.75280899],[0.87654316 0.87973487 0.81512606 0.87165779 0.88805968],[0.66666669 0.91666669 0.7647059  0.90909094 0.77272731],[0.54545456 0.66666669 0.61904764 0.55555558 0.5       ],[0.6        0.77192982 0.68421053 0.68965517 0.60714286],0.7927840352058411,0.8059715032577515,0.8662243127822876,0.5773448944091797,0.6705876760867686
85,5,0.004,6,0.0,20,0.05,32,[0.82222223 0.82222223 0.81111115 0.80000001 0.77528089],[0.87847221 0.93150252 0.85714281 0.88803476 0.89586151],[0.83333331 0.91666669 0.7647059  0.90909094 0.86363637],[0.53571433 0.6111111  0.74285716 0.55555558 0.52777779],[0.65217391 0.73333333 0.75362319 0.68965517 0.65517241],0.8061673045158386,0.8574866414070129,0.8902027606964111,0.5946031928062439,0.6967916041979011
86,5,0.004,6,0.0,10,0.05,64,[0.77777779 0.83333337 0.74444449 0.72222227 0.75280899],[0.87770057 0.91445708 0.81538868 0.81918454 0.85108548],[0.8888889  1.         0.79411763 0.72727275 0.9545455 ],[0.47058824 0.61538464 0.62790698 0.45714286 0.5       ],[0.61538462 0.76190476 0.7012987  0.56140351 0.65625   ],0.7661173820495606,0.8729649543762207,0.8555632710456849,0.5342045426368713,0.6592483174720016
87,5,0.004,6,0.0,20,0.05,64,[0.83333337 0.80000001 0.77777779 0.78888893 0.75280899],[0.90354943 0.90435606 0.84112394 0.89872992 0.84938943],[0.72222221 0.91666669 0.82352942 0.90909094 0.77272731],[0.56521738 0.57894737 0.66666669 0.54054058 0.5       ],[0.63414634 0.70967742 0.73684211 0.6779661  0.60714286],0.7905618190765381,0.8288473129272461,0.8794297575950623,0.5702744007110596,0.6731549649838366
88,5,0.004,6,0.05,10,0.0,32,[0.8888889  0.84444445 0.76666671 0.82222223 0.76404494],[0.91859561 0.90751261 0.85372901 0.88703209 0.86024427],[0.77777779 1.         0.88235295 0.86363637 1.        ],[0.69999999 0.63157892 0.63829792 0.59375    0.51162791],[0.73684211 0.77419355 0.74074074 0.7037037  0.67692308],0.8172534465789795,0.9047534227371216,0.8854227185249328,0.6150509476661682,0.7264806350035551
89,5,0.004,6,0.05,20,0.0,32,[0.85555559 0.84444445 0.76666671 0.85555559 0.76404494],[0.92592591 0.93402779 0.85477936 0.92580211 0.88263232],[0.77777779 0.91666669 0.7647059  0.90909094 0.86363637],[0.60869569 0.64705884 0.66666669 0.64516127 0.51351351],[0.68292683 0.75862069 0.71232877 0.75471698 0.6440678 ],0.8172534584999085,0.8463755369186401,0.9046334981918335,0.6162191987037658,0.7105322127577995
90,5,0.004,6,0.05,10,0.0,64,[0.78888893 0.85555559 0.81111115 0.80000001 0.76404494],[0.79861104 0.93181825 0.8602941  0.90240639 0.86838537],[0.6111111  0.91666669 0.88235295 0.86363637 0.9545455 ],[0.47826087 0.66666669 0.69767439 0.55882353 0.51219517],[0.53658537 0.77192982 0.77922078 0.67857143 0.66666667],0.8039201259613037,0.845662522315979,0.8723030328750611,0.582724130153656,0.6865948129747874
91,5,0.004,6,0.05,20,0.0,64,[0.86666667 0.84444445 0.80000001 0.84444445 0.83146065],[0.9375     0.92013896 0.87683821 0.88903749 0.9287653 ],[0.77777779 0.91666669 0.85294116 1.         0.9545455 ],[0.63636363 0.64705884 0.69047618 0.6111111  0.60000002],[0.7        0.75862069 0.76315789 0.75862069 0.73684211],0.8374032497406005,0.9003862261772155,0.9104559898376465,0.6370019555091858,0.743448275862069
92,5,0.004,6,0.05,10,0.05,32,[0.83333337 0.81111115 0.82222223 0.78888893 0.70786518],[0.87924385 0.92045456 0.88077724 0.8572861  0.88331074],[0.77777779 0.95833337 0.88235295 0.72727275 1.        ],[0.56       0.58974361 0.71428573 0.55172414 0.45833334],[0.65116279 0.73015873 0.78947368 0.62745098 0.62857143],0.7926841735839844,0.8691473722457885,0.8842144966125488,0.5748173654079437,0.6853635228061032
93,5,0.004,6,0.05,20,0.05,32,[0.81111115 0.80000001 0.76666671 0.83333337 0.76404494],[0.88194448 0.89141417 0.83718485 0.89906418 0.86227953],[0.72222221 0.875      0.79411763 0.9545455  0.86363637],[0.51999998 0.58333331 0.65853661 0.60000002 0.51351351],[0.60465116 0.7        0.72       0.73684211 0.6440678 ],0.7950312376022339,0.84190434217453,0.87437744140625,0.5750766873359681,0.6811122129328051
94,5,0.004,6,0.05,10,0.05,64,[0.74444449 0.77777779 0.73333335 0.69999999 0.8202247 ],[0.82137346 0.8727904  0.79963231 0.80447865 0.8819539 ],[0.77777779 0.95833337 0.70588237 0.90909094 0.90909094],[0.42424244 0.54761904 0.63157892 0.44444445 0.58823532],[0.54901961 0.6969697  0.66666667 0.59701493 0.71428571],0.7551560640335083,0.8520350813865661,0.8360457420349121,0.5272240340709686,0.64479132222767
95,5,0.004,6,0.05,20,0.05,64,[0.86666667 0.81111115 0.80000001 0.84444445 0.71910113],[0.92438269 0.88573229 0.84191179 0.88870323 0.90128899],[0.6111111  0.95833337 0.7647059  0.90909094 0.9545455 ],[0.6875     0.58974361 0.72222221 0.625      0.46666667],[0.64705882 0.73015873 0.74285714 0.74074074 0.62686567],0.808264684677124,0.8395573616027832,0.8884037971496582,0.6182264983654022,0.6975362217855633
96,5,0.007,5,0.0,10,0.0,32,[0.86666667 0.82222223 0.77777779 0.85555559 0.77528089],[0.91898149 0.91193187 0.85530454 0.92847592 0.87788332],[0.72222221 0.83333337 0.7647059  0.9545455  0.90909094],[0.65000004 0.625      0.68421054 0.63636363 0.52631581],[0.68421053 0.71428571 0.72222222 0.76363636 0.66666667],0.8195006370544433,0.8367795825004578,0.8985154271125794,0.6243780016899109,0.7102042986253513
97,5,0.007,5,0.0,20,0.0,32,[0.84444445 0.83333337 0.75555557 0.76666671 0.75280899],[0.88503087 0.90972221 0.84138656 0.89739305 0.89857531],[0.66666669 0.83333337 0.67647058 0.77272731 0.81818187],[0.60000002 0.64516127 0.67647058 0.5151515  0.5       ],[0.63157895 0.72727273 0.67647059 0.61818182 0.62068966],0.7905618190765381,0.7534759640693665,0.8864215970039367,0.5873566746711731,0.6548387472461348
98,5,0.007,5,0.0,10,0.0,64,[0.81111115 0.83333337 0.76666671 0.80000001 0.75280899],[0.87229937 0.91003788 0.84506297 0.83556151 0.8867029 ],[0.55555558 0.875      0.79411763 0.81818187 0.9545455 ],[0.52631581 0.63636363 0.65853661 0.5625     0.5       ],[0.54054054 0.73684211 0.72       0.66666667 0.65625   ],0.79278404712677,0.7994801163673401,0.8699329257011413,0.57674320936203,0.664059862494073
99,5,0.007,5,0.0,20,0.0,64,[0.81111115 0.83333337 0.75555557 0.77777779 0.7977528 ],[0.8603394  0.89583337 0.85320377 0.84625661 0.91112626],[0.66666669 0.875      0.7352941  0.72727275 0.81818187],[0.52173913 0.63636363 0.65789473 0.53333336 0.5625    ],[0.58536585 0.73684211 0.69444444 0.61538462 0.66666667],0.7951061367988587,0.7644830822944642,0.8733518838882446,0.5823661684989929,0.6597407370834841
100,5,0.007,5,0.0,10,0.05,32,[0.80000001 0.76666671 0.75555557 0.76666671 0.73033708],[0.85030872 0.8598485  0.83981097 0.87065506 0.81614661],[0.72222221 0.83333337 0.7352941  0.86363637 0.86363637],[0.5        0.54054058 0.65789473 0.51351351 0.47499999],[0.59090909 0.6557377  0.69444444 0.6440678  0.61290323],0.7638452172279357,0.8036244869232178,0.8473539710044861,0.5373897612094879,0.6396124525376379
101,5,0.007,5,0.0,20,0.05,32,[0.74444449 0.78888893 0.80000001 0.84444445 0.76404494],[0.83603394 0.84627527 0.82116592 0.89772725 0.80529177],[0.6111111  0.79166669 0.85294116 0.86363637 0.72727275],[0.4074074  0.57575762 0.69047618 0.63333338 0.51612902],[0.48888889 0.66666667 0.76315789 0.73076923 0.60377358],0.788364565372467,0.7693256139755249,0.8412988305091857,0.5646207213401795,0.6506512531934578
102,5,0.007,5,0.0,10,0.05,64,[0.81111115 0.80000001 0.75555557 0.81111115 0.71910113],[0.87037039 0.92582071 0.87079835 0.88703209 0.81580734],[0.77777779 0.95833337 0.79411763 0.90909094 0.9545455 ],[0.51851851 0.57499999 0.64285713 0.5714286  0.46666667],[0.62222222 0.71875    0.71052632 0.70175439 0.62686567],0.7793758034706115,0.8787730455398559,0.8739657759666443,0.5548941791057587,0.6760237191236799
103,5,0.007,5,0.0,20,0.05,64,[0.77777779 0.84444445 0.74444449 0.82222223 0.74157304],[0.87654316 0.89835864 0.84348738 0.89204544 0.81648576],[0.66666669 0.875      0.70588237 0.86363637 0.77272731],[0.46153849 0.65625    0.64864868 0.59375    0.48571429],[0.54545455 0.75       0.67605634 0.7037037  0.59649123],0.7860924005508423,0.7767825484275818,0.8653840780258178,0.569180291891098,0.6543411630513187
104,5,0.007,5,0.05,10,0.0,32,[0.86666667 0.86666667 0.78888893 0.81111115 0.76404494],[0.87345684 0.91950756 0.86502087 0.89137697 0.89586163],[0.66666669 0.91666669 0.79411763 0.90909094 0.90909094],[0.66666669 0.6875     0.69230771 0.5714286  0.51282054],[0.66666667 0.78571429 0.73972603 0.70175439 0.6557377 ],0.8194756746292114,0.8391265749931336,0.8890447735786438,0.6261447072029114,0.7099198141322314
105,5,0.007,5,0.05,20,0.0,32,[0.81111115 0.85555559 0.76666671 0.83333337 0.80898875],[0.88657403 0.91666663 0.84243697 0.88536096 0.89993215],[0.6111111  0.875      0.70588237 0.9545455  0.81818187],[0.52380955 0.6774193  0.6857143  0.60000002 0.58064514],[0.56410256 0.76363636 0.69565217 0.73684211 0.67924528],0.8151311159133912,0.7929441690444946,0.8861941456794739,0.6135176658630371,0.6878956979867995
106,5,0.007,5,0.05,10,0.0,64,[0.83333337 0.84444445 0.78888893 0.76666671 0.77528089],[0.90856481 0.92645204 0.84348744 0.86898398 0.87347353],[0.72222221 0.95833337 0.85294116 0.81818187 1.        ],[0.56521738 0.6388889  0.67441863 0.51428574 0.52380955],[0.63414634 0.76666667 0.75324675 0.63157895 0.6875    ],0.8017228722572327,0.8703357219696045,0.8841923594474792,0.5833240389823914,0.6946277417490511
107,5,0.007,5,0.05,20,0.0,64,[0.81111115 0.84444445 0.76666671 0.85555559 0.80898875],[0.86574078 0.93244946 0.83744752 0.9197861  0.92265946],[0.6111111  0.95833337 0.70588237 0.9545455  0.9545455 ],[0.52380955 0.6388889  0.6857143  0.63636363 0.56756759],[0.56410256 0.76666667 0.69565217 0.76363636 0.71186441],0.8173533320426941,0.8368835687637329,0.8956166625022888,0.6104687929153443,0.7003844350196597
108,5,0.007,5,0.05,10,0.05,32,[0.82222223 0.81111115 0.75555557 0.80000001 0.7977528 ],[0.91512346 0.875947   0.82221639 0.88068181 0.85481679],[0.72222221 0.875      0.79411763 0.86363637 0.77272731],[0.54166669 0.60000002 0.64285713 0.55882353 0.56666672],[0.61904762 0.71186441 0.71052632 0.67857143 0.65384615],0.7973283529281616,0.8055407047271729,0.8697570919990539,0.5820028185844421,0.6747711848068673
109,5,0.007,5,0.05,20,0.05,32,[0.82222223 0.82222223 0.77777779 0.87777781 0.75280899],[0.90393519 0.89393944 0.82878149 0.94585562 0.78799188],[0.77777779 0.91666669 0.7647059  1.         0.72727275],[0.53846157 0.6111111  0.68421054 0.66666669 0.5       ],[0.63636364 0.73333333 0.72222222 0.8        0.59259259],0.8105618119239807,0.8372846245765686,0.8721007227897644,0.6000899791717529,0.6969023569023569
110,5,0.007,5,0.05,10,0.05,64,[0.81111115 0.84444445 0.76666671 0.77777779 0.78651685],[0.88773143 0.91256315 0.83718491 0.91042781 0.88364995],[0.6111111  0.875      0.79411763 0.9545455  1.        ],[0.52380955 0.65625    0.65853661 0.52500004 0.53658539],[0.56410256 0.75       0.72       0.67741935 0.6984127 ],0.7973033905029296,0.8469548463821411,0.8863114476203918,0.5800363183021545,0.6819869234707946
111,5,0.007,5,0.05,20,0.05,64,[0.83333337 0.82222223 0.76666671 0.81111115 0.75280899],[0.89274693 0.86647725 0.8240546  0.90441179 0.87313432],[0.83333331 0.95833337 0.7352941  0.90909094 0.86363637],[0.55555558 0.60526317 0.67567569 0.5714286  0.5       ],[0.66666667 0.74193548 0.70422535 0.70175439 0.63333333],0.7972284913063049,0.8599376201629638,0.8721649765968322,0.5815846085548401,0.6895830443897112
112,5,0.004,5,0.0,10,0.0,32,[0.80000001 0.87777781 0.78888893 0.78888893 0.74157304],[0.86265433 0.9214015  0.81959027 0.88636363 0.84396195],[0.66666669 0.95833337 0.82352942 0.81818187 0.86363637],[0.5        0.69696975 0.68292683 0.54545456 0.48717949],[0.57142857 0.80701754 0.74666667 0.65454545 0.62295082],0.799425745010376,0.8260695457458496,0.8667943358421326,0.58250612616539,0.6805218112344947
113,5,0.004,5,0.0,20,0.0,32,[0.84444445 0.83333337 0.72222227 0.84444445 0.76404494],[0.89506173 0.91477275 0.83455878 0.90006685 0.87449116],[0.77777779 0.875      0.7352941  0.86363637 0.9545455 ],[0.58333337 0.63636363 0.60975611 0.63333338 0.51219517],[0.66666667 0.73684211 0.66666667 0.73076923 0.66666667],0.8016978979110718,0.8412507534027099,0.8837902545928955,0.5949963331222534,0.6935222672064777
114,5,0.004,5,0.0,10,0.0,64,[0.78888893 0.74444449 0.77777779 0.77777779 0.77528089],[0.8846451  0.89867425 0.84164917 0.86497325 0.88432837],[0.66666669 0.875      0.88235295 0.81818187 0.9545455 ],[0.47999999 0.51219517 0.65217394 0.52941179 0.52500004],[0.55813953 0.64615385 0.75       0.64285714 0.67741935],0.7728339791297912,0.8393494009971618,0.8748540282249451,0.5397561848163605,0.654913975746684
115,5,0.004,5,0.0,20,0.0,64,[0.85555559 0.86666667 0.72222227 0.86666667 0.78651685],[0.91512346 0.92739904 0.83350837 0.92112303 0.87618726],[0.72222221 0.91666669 0.79411763 0.9545455  1.        ],[0.61904764 0.6875     0.60000002 0.65625    0.53658539],[0.66666667 0.78571429 0.6835443  0.77777778 0.6984127 ],0.8195256114006042,0.877510404586792,0.8946682333946228,0.6198766112327576,0.7224231464737794
116,5,0.004,5,0.0,10,0.05,32,[0.83333337 0.83333337 0.75555557 0.86666667 0.76404494],[0.90123457 0.89898986 0.82431722 0.93850267 0.87822253],[0.72222221 0.91666669 0.7352941  0.9545455  1.        ],[0.56521738 0.62857145 0.65789473 0.65625    0.51162791],[0.63414634 0.74576271 0.69444444 0.77777778 0.67692308],0.8105867862701416,0.8657456994056701,0.888253366947174,0.6039122939109802,0.7058108704946241
117,5,0.004,5,0.0,20,0.05,32,[0.85555559 0.84444445 0.76666671 0.82222223 0.78651685],[0.9000771  0.91035354 0.82064068 0.91176474 0.8470149 ],[0.66666669 0.91666669 0.70588237 0.77272731 0.86363637],[0.63157892 0.64705884 0.6857143  0.60714287 0.54285717],[0.64864865 0.75862069 0.69565217 0.68       0.66666667],0.8150811672210694,0.7851158857345581,0.8779701948165893,0.6228704214096069,0.6899176357767062
118,5,0.004,5,0.0,10,0.05,64,[0.84444445 0.78888893 0.75555557 0.75555557 0.75280899],[0.93055558 0.87279046 0.82090336 0.79946524 0.86635005],[0.8888889  0.875      0.82352942 0.77272731 0.81818187],[0.5714286  0.56756759 0.63636363 0.5        0.5       ],[0.69565217 0.68852459 0.71794872 0.60714286 0.62068966],0.7794507026672364,0.835665500164032,0.8580129384994507,0.5550719618797302,0.6659915988681934
119,5,0.004,5,0.0,20,0.05,64,[0.80000001 0.87777781 0.80000001 0.80000001 0.74157304],[0.85069442 0.9204545  0.89679623 0.87767375 0.86736774],[0.66666669 0.95833337 0.7647059  0.81818187 0.81818187],[0.5        0.69696975 0.72222221 0.5625     0.48648649],[0.57142857 0.80701754 0.74285714 0.66666667 0.61016949],0.8038701772689819,0.8052139401435852,0.8825973272323608,0.5936356902122497,0.6796278832674908
120,5,0.004,5,0.05,10,0.0,32,[0.82222223 0.8888889  0.81111115 0.82222223 0.76404494],[0.85416663 0.94318181 0.83981097 0.90407753 0.89518315],[0.66666669 0.95833337 0.79411763 1.         1.        ],[0.54545456 0.71875    0.72972977 0.57894737 0.51162791],[0.6        0.82142857 0.76056338 0.73333333 0.67692308],0.8216978907585144,0.8838235378265381,0.8872840166091919,0.6169019222259522,0.7184496723933342
121,5,0.004,5,0.05,20,0.0,32,[0.82222223 0.83333337 0.77777779 0.83333337 0.7977528 ],[0.89197534 0.90909094 0.8529411  0.92312837 0.8772049 ],[0.66666669 0.83333337 0.7647059  0.9545455  0.86363637],[0.54545456 0.64516127 0.68421054 0.60000002 0.55882353],[0.6        0.72727273 0.72222222 0.73684211 0.67857143],0.8128839135169983,0.8165775656700134,0.8908681273460388,0.6067299842834473,0.6929816966659073
122,5,0.004,5,0.05,10,0.0,64,[0.76666671 0.81111115 0.73333335 0.77777779 0.76404494],[0.86998451 0.91224754 0.83009446 0.8596257  0.88772047],[0.83333331 0.91666669 0.85294116 0.86363637 0.90909094],[0.45454547 0.5945946  0.60416669 0.52777779 0.51282054],[0.58823529 0.72131148 0.70731707 0.65517241 0.6557377 ],0.7705867886543274,0.8751336932182312,0.8719345331192017,0.5387810170650482,0.6655547922818702
123,5,0.004,5,0.05,20,0.0,64,[0.84444445 0.86666667 0.75555557 0.81111115 0.7977528 ],[0.91396606 0.93118691 0.81591392 0.90441179 0.90128905],[0.77777779 0.91666669 0.7647059  0.9545455  0.9545455 ],[0.58333337 0.6875     0.65000004 0.56756759 0.55263156],[0.66666667 0.78571429 0.7027027  0.71186441 0.7       ],0.8151061296463012,0.8736482739448548,0.893353545665741,0.6082065105438232,0.7133896123726633
124,5,0.004,5,0.05,10,0.05,32,[0.80000001 0.85555559 0.74444449 0.80000001 0.74157304],[0.88580251 0.91035354 0.83272058 0.90340912 0.85685211],[0.72222221 0.95833337 0.82352942 1.         0.9545455 ],[0.5        0.65714288 0.62222224 0.55000001 0.48837209],[0.59090909 0.77966102 0.70886076 0.70967742 0.64615385],0.7883146286010743,0.8917261004447937,0.8778275728225708,0.5635474443435669,0.6870524265721198
125,5,0.004,5,0.05,20,0.05,32,[0.86666667 0.80000001 0.72222227 0.84444445 0.75280899],[0.91396606 0.8910985  0.79175413 0.91978616 0.8307327 ],[0.72222221 0.91666669 0.58823532 0.9545455  0.81818187],[0.65000004 0.57894737 0.64516127 0.61764705 0.5       ],[0.68421053 0.70967742 0.61538462 0.75       0.62068966],0.797228479385376,0.7999703168869019,0.8694675087928772,0.5983511447906494,0.6759924432455315
126,5,0.004,5,0.05,10,0.05,64,[0.81111115 0.81111115 0.72222227 0.6111111  0.77528089],[0.86419755 0.89425504 0.77074581 0.7349599  0.86499321],[0.72222221 0.95833337 0.64705884 0.81818187 0.77272731],[0.51999998 0.58974361 0.62857145 0.36734694 0.53125   ],[0.60465116 0.73015873 0.63768116 0.50704225 0.62962963],0.7461673140525817,0.7837047219276428,0.8258303046226502,0.5273823976516724,0.6218325871040948
127,5,0.004,5,0.05,20,0.05,64,[0.82222223 0.77777779 0.75555557 0.80000001 0.73033708],[0.88001543 0.91824496 0.81171215 0.87667108 0.82767981],[0.66666669 0.91666669 0.7647059  0.86363637 1.        ],[0.54545456 0.55000001 0.65000004 0.55882353 0.47826087],[0.6        0.6875     0.7027027  0.67857143 0.64705882],0.7771785378456115,0.8423351287841797,0.8628646850585937,0.5565078020095825,0.6631665909607086
