,num_in_trans,num_out_trans,avg_trans_out,avg_trans_in,sum_trans_in,max_trans_out,max_trans_in,std_trans_in,std_trans_out,min_trans_out,min_trans_in,unique_tpartn_out,unique_tpartn_in,avg_transcost_out,avg_transcost_in,max_transcost_out,std_transcost_out,duration_out,num_in_trans_1neighb,avg_oneNightStands_out,avg_oneNightStands_in,max_tx_out_neighb,max_tx_in_neighb,sum_tx_in_neighb,sum_tx_out_neighb,std_tx_out_neighb,unique_tx_out_neighb,avg_txcost_out_neighb,max_txcost_out_neighb,num_in_transERC,num_out_transERC,ERCunique_tpartn_out,ERCunique_tpartn_in,ERCavg_transcost_out,ERCavg_transcost_in,ERCmax_transcost_out,ERC_nb_tkn_tot,high_pressure_sells,high_pressure_buys,0,1,2,3,4,5,6,7
127,16,56,3567.209057632433,9174.191458367615,146787.06333388182,107350.7230535823,106496.7966216,26246.86504126284,14778.605230707959,1.0120387999999998,13.799690934860092,26,5,12.227714333588102,4.6392210845925,68.4005376864,16.602701296519438,1200.8666666666666,678.375,0.0,0.2,134126.47168452744,426515.3926560221,950444.6673838466,24970.82164290763,24014.992081880497,1.5405405405405406,18.975499394207766,205.1247244122166,16,22,8,12,16.254211947745908,40.52040356469017,68.4005376864,16,1,3,-1.7992678,0.15479906,1.6562008999999998,0.7401694999999999,1.0659442,-2.174852,0.29988727,-0.7416528
48,139,940,554.1879617996642,2114.968493779932,293980.62063541036,73751.678,55630.20165494001,5845.738748373231,3072.297769285635,2.1501,0.2255847206,279,43,12.301435910000894,2.035234122907471,369.39501342743995,24.28799536771418,5597.483333333334,1022.2532051282053,0.02491103202846975,0.11904761904761905,111899.44543782713,7176509.8442852525,8033531.320717229,31545.864486056547,74031.02501525932,4.97153024911032,4.111094975991245,46.55630797195853,442,394,169,202,16.43899485284343,75.2252911035765,110.44997066879999,291,10,10,0.09417511,-1.3449434999999998,2.1055212000000005,0.26392445,1.2090263,0.26590353,0.15917659,-0.07487088
487,76,273,5.926206115861051,19.237264751328322,1462.032121100952,275.5422,285.9565215715998,36.93122823703828,26.22091476587952,0.00526006,0.079061064,133,51,0.1935673491036292,0.3716619067858793,17.165060000000004,1.125141557757638,17178.3,3.736842105263158,0.04195804195804196,0.0,3052.3264839919952,41.153021504352616,23.314713436951187,8945.613246871013,157.14266463738198,10.531468531468533,0.4258400689432652,6.670635010817227,596,51,39,226,0.1247324358056678,1.2251821148877275,1.3362734928199995,248,7,6,-4.2435017,-5.858240599999999,1.0674190000000001,0.26387784,-0.5488538000000001,-1.4211643,2.1080465,0.69027823
409,5,362,1928.8692632461075,10192.045999999998,50960.23,200229.0,38731.77,16582.685033779362,13490.56882703766,138.7485,190.06,60,5,21.660494473077026,7.378743506009027,133.2545007864,22.100914762794762,938.9333333333333,4.0,0.0,0.0,73330.92,42537084.27500001,21599797.840792425,15652.043187177316,5626.488723221803,3.56,23.97057236656236,292.65996182236006,228,266,111,71,22.586801758056826,124.31099752386707,133.2545007864,84,7,5,-1.4135118999999998,-1.0344738000000002,2.3182582999999997,2.0258794,0.03561678,-1.536197,-0.16466627,1.228101
225,7,110,73.39118349767362,1014.945385788714,7104.617700520998,1642.77911422189,2596.3199298534,1044.6713865405598,277.20597171936555,54.34368240000001,19.875238292,38,7,18.711589521673694,5.35238398875,245.9706903381,29.282196434998703,352.08333333333326,1027.8653846153843,0.0,0.5714285714285714,0.0,5244379.9173575705,5269290.921565035,0.0,0.0,0.15555555555555556,12.114599611202856,18.09408285693,73,57,29,49,23.966788475020298,50.554905419609575,245.9706903381,59,2,10,-1.1075793999999999,0.97463566,1.0937725,1.2422539,1.2522925,-0.45878983,0.97510564,-1.2744026000000002
339,4,20,0.5228909518323751,1.61474147355,6.4589658942,3.9710300000000003,5.1820292376,2.412539279560084,1.013213259358671,0.14402025,0.30538665660000003,20,4,0.0396190064842075,0.0262927665,0.18136965,0.04827521027786137,6280.633333333332,0.0,0.08,0.0,110.30299607695999,0.0,0.0,63.683331132188606,38.41480596282536,7.92,0.19027498395642528,2.596766343578,116,3,3,64,0.053307138303333335,31.409149133870372,0.13292402760000002,92,1,0,-2.5437434,-2.6702494999999997,1.0151762,0.47857553,-3.1782205,-1.4779655,4.0824304,-2.6194102999999997
239,2,16,3646.1230566562494,29825.989222500004,59651.97844500001,57306.85,57715.2,39441.30012542239,14309.785198763544,116.94261599999999,1936.7784450000006,6,2,19.531568433350472,6.713411283180001,92.086532352936,24.50150531907618,1057.85,864.1818181818181,0.0,0.5,0.0,851469.6858552798,2133619.394679454,0.0,0.0,0.0,0.0,0.0,5,2,1,5,11.848324099748002,64.98039828343113,20.241611708296002,5,2,4,-1.7516653999999998,-0.14755657,1.3435816999999999,0.60073936,0.9833086999999999,-2.1388474,0.099683754,-1.4864495
523,16,122,330.64985494448865,2260.7051745064678,36171.282792103484,5239.542,10004.2531046226,3633.263423434689,815.5988550548865,2.004450769827921,52.178095609324,43,14,16.077617645523286,3.6090442228442683,84.457899616,19.42024836983672,3630.916666666666,0.0,0.08695652173913042,0.0,4998.513551845183,0.0,0.0,12997.330382149541,1388.4043564053213,4.5,2.64823921490233,16.19845803507767,90,43,24,73,23.497357556158576,53.52554636925781,78.04586790702001,76,8,8,-1.4130406,0.7485025,1.8113968,1.4000454,0.2094913,-0.35832593,0.7916850000000001,0.0077144056999999995
593,1,9,225.28390933333333,1742.45395,1742.45395,405.5110368,1742.45395,0.0,213.7230821040596,405.5110368,1742.45395,5,1,15.101960904352644,8.826098400000003,47.008308193199994,12.182590291374064,2703.9166666666665,0.0,0.0,0.0,0.0,0.0,0.0,0.0,0.0,0.0,0.0,0.0,3,1,1,3,47.008308193199994,25.152952703649998,47.008308193199994,3,1,4,0.61612487,-1.9100574000000001,3.4503597999999998,-0.2579984,0.7956689,-2.094478,0.5954911999999999,-0.6440142
412,2,3,1312.8190040069667,1984.6429421207001,3969.2858842414003,2381.6295122760002,2424.0418776,621.4039338471266,1209.4192378700702,1556.8274997448998,1545.2440066414001,2,2,0.1189947277329052,0.12175002,0.1477182,0.047921818438886515,2381.833333333333,0.0,0.0,0.0,81541.8488579006,0.0,0.0,1689295.2273157598,5179.717627992217,374.0,0.1871150692997177,1.24238566452,1,1,1,1,0.06367298319871559,0.07402584930825419,0.06367298319871559,2,1,0,-0.5076215999999999,-0.20699747,1.7375215,-0.22676721,1.2994695,-0.47928634,1.334518,0.5021787999999999
437,8,161,289.0880107111929,881.0006074478999,7048.0048595831995,7163.9807211000025,2745.2,1011.2267172314713,857.0041396776579,70.6095,47.24319600000001,45,6,20.16455654088202,6.95539138875,121.253409389112,21.103120824255885,1178.1833333333334,0.0,0.04,0.0,4089.819071685,0.0,0.0,1135.4663831373855,2670.166780836735,0.96,7.478106593860037,33.105351507598,77,117,42,38,33.544769750919485,37.526825409344994,121.253409389112,62,3,5,-0.7186205,-0.5347422,2.363778,0.5735844,-0.2702248,-0.33469197,-0.11295882,-1.3224405000000001
361,188,1152,109.45638208209031,185.77239913555263,34925.211037483896,7538.400000000002,9658.482962705659,742.5440938890326,314.6705518987307,0.0112807905723,2.3563,136,20,2.2575120590462925,0.5062025193237474,26.703632068150235,2.4962704491353587,2613.383333333333,5.142857142857143,0.0,0.0,7742.457717500946,9890.765442375648,4186.71568406241,6809.0085332461695,1449.3145379905914,2.1793103448275857,1.0690266171061575,11.089606082096903,667,622,147,172,2.8206816045753764,4.558501969113955,26.703632068150235,256,2,3,-0.65424985,-0.26218432,0.6589289,1.7432425999999999,1.1030469999999999,1.1290551000000002,0.7849454,-2.1920896
577,5,65,176.17286384615386,263.54745,1317.73725,4069.8646,456.76425,182.5117234532826,560.0634589304954,243.3,213.10100000000003,28,3,35.193319927537296,5.6255263176,246.2921183125,51.96369208415159,2246.116666666667,35.0,0.0,0.0,23372.3323,70397.124689969,220755.7443297525,25117.155699428637,2792.0071769854358,4.535714285714286,32.92632961507357,1738.71711535625,23,24,11,9,38.33135935205465,537.7367139517213,165.37089753936002,23,2,5,-1.3060704,-0.17711927,2.8523683999999996,1.253693,2.2937207,0.17056338,0.8136415,1.0248863000000001
597,33,196,1.3462902710274944,25.520926965553016,842.1905898632498,100.947,145.5107857945,39.75304068746927,7.8203041793533075,0.0121429870429,0.034339973010000004,109,22,3.1394516186092587,3.236297251232884,105.27084496639999,10.53274538068628,5105.95,0.9583333333333334,0.17600000000000002,0.16666666666666666,77.45696363903141,5.087390816999559,3.507484386252708,899.9326714928927,13.659811455012695,3.232,0.4732416627129241,2.4619494632918637,197,54,45,123,7.010335204796379,14.258409748437762,105.27084496639999,111,9,8,-1.6908773000000001,-4.076232,2.6351125,-0.09692513,-2.2006127999999996,-3.0571243999999997,2.6952347999999997,0.22584361
369,32,90,13.768217236965027,24.71081489847584,790.7460767512266,531.825,166.281465,42.948351713283735,61.883517066996546,0.023546,0.03430837073700738,71,24,0.4999585953198214,0.4212690741403241,13.477880416,1.5915769240925268,23388.3,4.37037037037037,0.27631578947368424,0.2222222222222222,939.1978592481032,7732752.514651499,3198996.8751805867,2947.119603812409,358.3146053333195,6.802631578947367,0.5021308287379169,4.692762470593777,159,17,14,104,2.017098847594976,8.356918317410727,13.477880416,118,8,8,-3.2817392,-0.85910547,2.0397265,2.5254659999999998,-3.6855626000000004,-1.280139,3.6343959999999997,-1.8576888999999999
333,24,344,601.9599985067223,2409.360088033865,57824.64211281276,12701.87807888236,20635.52382,4601.657395690938,1423.6302653717146,21.23565453434355,21.9137199,93,12,25.023100073634037,8.17770586325,425.084896704,40.620779648858026,1947.5,0.3636363636363637,0.010526315789473684,0.0,11913.410135769742,85059912.60000001,7851765.690909091,3156.004857059751,3247.463681022868,1.0210526315789474,11.181555995658515,112.5104209335,98,99,58,60,29.536924686576857,85.6353891390497,127.1812940775894,95,3,4,-0.14384758,-0.39958540000000004,2.33031,0.8992829999999999,0.027827585,0.37444073,0.2617059,-0.7602619
200,5,16,128.258859985937,464.4376490948,2322.1882454740007,1014.049165629213,1110.2523119999996,444.66057535562487,302.9604134961673,29.92647727272727,50.110241081999995,9,4,21.570401987241784,5.60726208,81.48813616841998,23.110424758000914,16.55,799.1538461538463,0.1111111111111111,0.75,373.87525,10691.5300408649,102428.97150453502,141.47061466666662,157.0076429315934,1.3333333333333333,11.320650667221525,33.651842915654996,4,4,3,4,39.2397440312715,37.15341920334,81.48813616841998,6,1,7,-0.07276526,0.83255357,1.5735648000000002,1.28806,-0.07572074,-1.6027018,1.083548,-1.8932341000000001
299,8,43,0.0,0.0,0.0,0.0,0.0,0.0,0.0,0.0,0.0,0,0,0.0,0.0,0.0,0.0,0.0,0.0,0.0,0.125,0.0,0.0,0.0,0.0,0.0,0.0,0.0,0.0,17,10,9,6,10.0477450501415,33.733047789903104,33.0859085103,15,0,0,-1.7485746,-0.15457238,1.6424726000000003,0.10738028599999999,0.95431995,-1.487787,0.12538937,-1.0848752000000002
298,17,31,0.0,0.0,0.0,0.0,0.0,0.0,0.0,0.0,0.0,0,0,0.0,0.0,0.0,0.0,0.0,0.0,0.0,0.125,0.0,0.0,0.0,0.0,0.0,0.0,0.0,0.0,20,4,2,5,3.6283604908375,16.538098914776544,6.1198317625500005,5,0,0,-1.8473540000000002,-0.13935485,1.5827687,0.39767972,0.83241415,-1.9007228999999999,0.1556631,-1.6279833000000001
306,13,12,0.0,0.0,0.0,0.0,0.0,0.0,0.0,0.0,0.0,0,0,0.0,0.0,0.0,0.0,0.0,0.0,0.0,0.125,0.0,0.0,0.0,0.0,0.0,0.0,0.0,0.0,11,0,0,4,0.0,8.833937011864181,0.0,1,0,0,-1.5653754,0.49274176,1.0206524,0.87454146,-0.04252328,-0.05120993,0.497208,-1.4118885
235,10,27,2072.387121057227,2246.16883071396,22461.6883071396,8123.347999999999,9522.271709999999,2730.838076556186,3297.167246874483,115.9959528,976.76546568,12,7,12.741410039385151,3.5827654800000004,53.4491063226,14.109323326677053,-0.18333333333333326,575.8214285714286,0.045454545454545456,0.0,12791.376590756292,7670734.41193813,9023910.23209276,4528.801074584164,3405.972851935587,0.7272727272727273,5.245349730170201,20.8903068222,10,6,3,8,16.873874140555213,31.83540245656396,26.797553123,8,0,0,-2.1692492999999997,-1.1877209,1.4400872,-0.29337302,0.81193024,-2.0407002,-0.10541823,-0.8602556
92,9,54,628.9338237202969,2895.228244877778,26057.0542039,4675.088227442297,7599.782784000001,3357.8766766776275,1263.8108022337144,10.760313900000002,247.140153,19,2,7.021254371858167,2.9446697623,52.020616909800005,8.252406445525247,335.6333333333333,668.7777777777778,0.0,0.25,4675.088227442297,12.65,3.1625,1061.3258275280014,1263.8108022337144,0.59375,7.021254371858167,52.020616909800005,26,18,9,10,7.027001142333356,16.956276967333697,17.35811112498,15,1,0,-1.3761822,-0.21326564,1.7676287,-0.062873095,0.30787843,-1.2683307,0.18110752,-0.9062988000000001
222,7,8,768.3079277537096,1325.2833214032692,9276.983249822884,3383.1894665209643,3526.632,1182.546901922721,1203.677767846859,75.06144055246011,20.3679956082,7,7,23.224952209127625,6.1491527898000005,62.366826662712,22.304603900568942,1068.6166666666666,395.77777777777777,0.0,0.42857142857142855,500.37012816839996,4878121.3571802685,10137954.40242468,117.24988174496364,188.1745534857644,0.4545454545454545,9.296944734,10.03750776,6,2,2,6,7.947101972567999,42.648631919559996,8.243178073415999,6,1,10,-2.0071296999999997,-0.5535671999999999,1.9911468,-0.84750783,1.9843674999999998,-1.0016395,0.73522866,-1.0113419
196,8,56,3441.951815141856,28198.6001685,225588.801348,55747.65306877057,141581.9709,47359.57809016843,8794.050121279868,115.7523696,5039.663589999999,24,4,24.678801431291852,5.73308402625,125.02264945873009,24.49782609103795,2135.583333333333,1081.5,0.0,0.3333333333333333,55747.65306877057,12246173.77173621,13135986.578589033,6646.5276430325475,8794.050121279872,0.8275862068965517,24.678801431291838,125.02264945873009,24,13,12,21,26.006188563912325,34.477979960815986,50.94821471571132,28,2,10,-0.81711376,0.26450226,1.2432443000000002,0.5933970999999999,0.9750791999999999,-1.1049553,0.3393282,-0.9032642
229,94,788,17870.52367193984,56041.42216869264,5267893.683857107,2079700.35,777323.9744760002,107305.15646230524,92710.23955346463,21.245796,40.43415915,112,6,23.498540467652425,7.791858792002282,385.11972647199997,25.41833530332036,2585.1,1132.3453237410072,0.022222222222222227,0.16666666666666666,404298.0379642594,396199.2093105358,695973.6330688205,162570.22333028365,82910.52390910879,1.0148148148148148,8.728798502517565,51.99187915606558,271,280,135,77,32.99941023846863,31.280379000230607,138.3576280344,134,2,10,-1.0790773999999999,-0.22462699,0.88752586,1.5393101,-0.10929945,-0.5756633000000001,-0.32530826,-0.7002255000000001
501,6,71,5.100969784796725,253.40672489382882,1520.440349362973,263.38000000000005,450.068,124.40448367925472,33.22667814359789,98.7888547205674,110.6545,15,6,107.94452131594463,14.2842866999,520.19720775,121.93773562310152,1680.1,4.857142857142857,0.0,0.0,69922.3338382666,78363.0,21088.484654443368,21455.646609458807,7632.84137949545,5.117647058823528,43.66395452855704,398.755269129,38,50,22,18,122.66400807026741,145.9627787790981,520.19720775,18,3,3,-0.5279785,-1.7093306000000001,2.4669611000000002,1.059791,0.5798522,-1.5978773000000002,-0.5459934000000001,0.49561548
14,18,1408,372.7902403258939,33304.60169052516,599482.8304294529,13327.293489874774,87844.47442500001,29439.42958655449,1016.3101154107712,4.070112109396252,4.0929,801,7,0.6224827225107955,0.577402058967475,43.346291221674996,1.4896781538610502,1375.45,26.180522565320665,0.06578947368421052,0.0,5447.9312455876425,28590924.06629839,30341187.676696394,38289.60675043439,852.7202883493451,14.988038277511961,6.124020602551067,39.741716438189314,275,1187,737,212,4.2133500507426165,4.210894704779004,122.67491357304928,15,7,0,-2.3625624,-2.313717,-1.5439435,4.984685,1.596311,-3.2845347,2.4397502,1.8985657999999999
52,47,599,1207.1350845481666,10829.287545994368,508976.51466173533,80028.0,57757.53,14737.504030594631,6498.072518091521,0.38818,1.06325,106,25,11.79589877350512,2.7368673760878264,171.050823330156,19.75780826331624,6098.366666666668,800.0419580419583,0.04098360655737705,0.206896551724138,69011.19431100207,16012094.225852376,14868899.50587329,156270.42687176366,12591.56520406782,7.762295081967213,5.769882278826349,42.34847539208217,361,421,153,118,15.211126393791128,36.37184852756111,171.050823330156,122,9,10,0.7231598000000001,-0.6795336,1.3134032,1.1165566,-1.1387135,-1.475737,0.9367795,-1.1631277
385,20,94,139.06182952578564,448.73075156017364,8974.615031203472,2551.224,1587.633177,473.2071192763439,399.9805263314621,0.6850499999999999,10.887176572580001,33,13,17.298333595467838,5.618587337832,103.35313920799999,17.460112680855293,504.61666666666673,0.14285714285714285,0.0,0.0,743.346192758555,250.7472,35.338614285714286,293.90417489629687,168.81951283942846,0.8913043478260869,18.12634891332446,50.614132893109996,44,30,20,27,20.25457205928384,35.91289745374202,58.53682116576,29,7,8,0.452744,-0.59464556,2.7453747,1.249197,-0.72465724,-1.223761,0.35819945,-1.0397538
540,1,1,0.0,1.1156,1.1156,0.0,1.1156,0.0,0.0,0.0,1.1156,1,1,0.05365899,0.0468552,0.05365899,0.0,0.0,0.0,0.0,0.0,0.0,0.0,0.0,0.0,0.0,0.0,0.0,0.0,3,1,1,1,0.05365899,0.3213958983944273,0.05365899,2,0,0,-0.9442795,-0.598969,1.4813711999999999,1.3414626,0.9672393,0.4600714,0.94043595,1.4870299999999999
485,24,56,14.037534327125945,21.504085101535573,516.0980424368539,501.44435,237.94167248,60.70312115792611,70.0756003256475,0.018476,0.0424275,52,14,0.4658758424480214,0.3837656285069425,9.976000534539192,1.4620342514028508,0.06666666666666668,1.2857142857142858,0.04918032786885247,0.0,891.5307866025598,99.8754434281,13.839389468164894,1857.1429750567638,91.1713519538328,7.672131147540983,0.16788127977638972,2.143851139115675,198,31,25,144,0.87389806821595,7.020100673466391,9.976000534539192,187,9,8,-4.6258992999999995,-2.6700766,1.9062578999999997,1.7868441000000002,-1.5779277,0.074623115,3.532396,1.611856
142,29,158,507.8607868142424,1086.3344400166793,31503.698760483698,6554.229,3759.4167,892.4590668353688,835.2843081506584,158.062428,55.5165,43,19,19.0679539584162,5.888658433057482,86.77650306816004,16.610281592915786,4604.933333333333,919.6,0.0,0.45,5389.0058710640005,52734966.51644227,53044236.25144514,1590.351645383242,1307.3713543590109,0.8181818181818182,12.584214670763116,47.15286449808001,74,30,19,51,28.247575883021078,48.30522889756829,86.77650306816003,64,2,10,-1.5725341999999998,0.39241606,2.023329,0.7925291,0.96616536,-0.31227209999999994,0.31467962,-0.7096939
230,122,1410,635.7094649984598,2423.429325808666,295658.37774865737,14567.31,16475.0,2936.431035020724,1620.6253434712282,25.0065,64.87930852159195,245,48,32.931156099862946,7.81698733600316,259.94699840000004,27.984065697228278,2329.75,1168.6013745704468,0.012244897959183671,0.7446808510638298,7035.691774818868,1504816.0314915408,2231846.45913242,5781.141028761136,2359.005024337254,1.4653061224489796,10.801258684921915,36.40651300932,753,729,244,266,42.718633483617275,45.44007243077514,259.94699840000004,407,1,10,-0.69657415,0.13060775,2.0311406,1.3141321000000001,0.24218903,-0.3095407,0.027584722000000002,-0.74679196
568,7,10,61.87570186091,17.28205594272857,120.9743915991,583.52,37.7266904164,14.813239929913447,183.62135347643346,35.237018609100005,3.425007,6,3,8.121773084820203,7.403051119500001,29.593485977100002,8.297992463331928,1733.4333333333334,0.0,0.0,0.0,789.01066688,0.0,0.0,110.30689672593826,332.28339811595504,0.08333333333333333,0.2170906270176,0.479304,2,2,2,2,17.1547873693795,16.327432944309994,29.593485977100002,4,8,10,-0.6948603,-0.96640265,2.430111,-1.6364268,0.8650426,-1.4122921,2.109607,-1.3841219999999999
1,3,9,684.0600666666667,2070.8855333333336,6212.6566,5869.75,6189.66945,3566.9900219106707,1946.10040283862,2.4821,22.98715,3,2,0.7894213937695105,0.125498814,3.4454932430400005,1.0840938842561572,1700.8,749.5,0.0,1.0,5869.75,12.65,12.65,2052.1802,1946.10040283862,1.0,0.7894213937695104,3.44549324304,2,1,1,1,3.44549324304,1.1650695397082,3.44549324304,2,0,0,-0.23472492,1.6572596999999998,2.1368275000000003,2.5807803,0.5948403,-0.76174647,2.9818118,-0.6849483000000001
433,24,322,879.749564253465,3932.117358311345,94370.81659947227,35727.0,17141.15967113,5036.109257576189,3230.127698253911,0.0921225003315557,137.67970319999998,109,13,30.280163860026818,3.4987653923341413,549.7094700518601,43.98092534843232,2499.15,0.4666666666666667,0.01818181818181818,0.0,12594.240084285371,42538361.27888621,5760203.734208393,1769.3097711682212,2462.3396644757113,0.6181818181818182,9.733243419006145,35.82631756151143,126,116,67,69,45.15561025576308,235.5398618336324,549.7094700518601,127,8,8,-0.13900320000000002,-0.5529184,1.9413884,0.1583194,0.1951393,0.5128537000000001,0.45827565,-1.0930008999999998
319,6,7,987.5247918995927,1148.1390551759332,6888.834331055599,2682.284365924801,1936.80846288,711.2958109462774,1250.6123076330778,1930.9696573723493,384.5,6,6,0.2040216344853045,0.38580843,0.5099471999999999,0.17252753811816476,23494.73333333333,5.833333333333332,0.0,0.0,81541.8488579006,244440.0,659367.849193381,482655.7792330742,5179.717627992217,106.85714285714286,0.1871150692997177,1.24238566452,7,4,1,7,0.15773631034928287,0.6922989950671988,0.3728915826971316,10,2,3,-0.57338744,-0.33712307,1.172275,-0.2385275,1.1602006,-0.63032323,1.9450952000000001,0.7227375
563,14,167,89.57924046845974,633.9260730819888,8874.965023147843,1990.5933416472265,3842.376751058,1021.8135152160672,274.56514558091686,14.932624241881859,50.80219914891961,50,8,19.16091882268229,11.5149238944,109.665575944,21.12320735838919,1320.9166666666667,1.125,0.018518518518518517,0.25,747.5155609831911,498.6065583333333,639.0943312210376,412.0016501782988,270.3891220102095,1.2592592592592593,10.468811902937167,27.62162434090587,69,62,40,41,24.93520363171329,28.77545617797109,109.665575944,46,2,1,-0.96197784,-0.8200272,1.6530224999999998,-0.05233978,0.561821,-1.2053021000000002,-0.27959228,-1.1747551
390,266,1151,649.7824323454133,486.0448763175265,129287.93710046208,147959.0,66210.0,4079.8572767364185,6898.482865824528,0.0010680000000000002,0.041540730420000005,254,144,6.900749426387137,1.3559901877786598,158.9670643275,13.008656312539928,1813.9,4.3921568627450975,0.04580152671755725,0.013071895424836602,50807.639909148864,4265748.309508966,573521.5035685642,35521.399458119915,10120.35835049198,12.65648854961832,4.251796874293809,59.09678280817703,366,532,239,240,10.325269096665323,41.43280776216731,158.9670643275,257,9,8,-0.58367854,-1.2761936000000003,0.039542872,2.1027009999999997,0.06809445,-2.1035470000000003,-0.34148059999999997,-1.7044427
246,67,277,5230.886774372225,5447.66843492502,364993.7851399765,230287.6689,186930.96811358203,24420.193012310272,24499.078257238638,13.88695,1.261754215836,38,12,19.565341232538124,9.675879481545794,392.1500409624,44.06610116492653,1159.0333333333333,947.8,0.02631578947368421,0.0,32418.8868692115,3389933.697927595,3674119.475885658,43056.286093760296,5740.636762253857,4.131578947368421,6.619357938326267,62.1401075052958,66,52,25,29,29.054852334196376,55.48799394013861,141.02454824448,44,1,4,-2.4492977000000002,-1.7317263999999999,2.6316202,-0.43473002,1.3688741000000002,-0.9244747999999999,-0.28466603,-0.84427625
376,3,16,146.49547750000005,138.57828399229166,415.734851976875,710.88,342.216,177.67950598948224,247.7644717080991,56.70864000000001,15.10839107,8,2,1.1139144236282559,0.2266761,3.36081375,0.9701373027802568,11257.25,18.0,0.0,0.0,2750.4824792890004,2325.273408546,11885.852450550996,25254.37720853735,402.33445886643165,10.125,4.3662575392666465,28.397090573329997,7,3,2,4,1.4644771216073666,0.5049656173147861,2.647350237,6,6,7,-2.2150418999999997,0.24312759999999997,0.8399358,1.028693,2.1055194999999998,1.4294504,4.081716,-1.7108526000000002
8,86,258,66.62299841764079,132.29369018231762,11377.257355679321,516.4943553,501.33237160499993,128.8585700004378,106.93549292741129,17.6825,7.0227895920000005,34,14,6.3728691544989955,3.1497468947269307,58.208402648159996,8.275290688057916,7514.516666666666,1394.7826086956522,0.0,0.0,637.8051103409869,29098162.32714791,59087660.491616,736.2504648259396,215.72190539838445,1.3142857142857145,10.958449227142296,31.797395793040003,112,48,17,27,7.420703275809555,50.72892525204289,58.20840264816001,27,9,10,0.6889939,0.106445834,2.5132828,2.260536,0.34617624,-0.12787142,1.6277492,0.30331752
118,108,828,1982.0624899395216,5853.64738178195,316096.9586162252,75780.30311766385,75775.08852445,12290.217403144055,6611.560699268105,1.5537,8.9913555968,129,16,13.367659896474047,3.5081497899924554,127.72349163356,15.56526139231574,1020.8666666666667,2163.7090909090907,0.0,0.0,21405.466949370497,1001071.036968159,13745953.915283192,15644.904852508203,6869.447883684804,1.156862745098039,3.01799605194488,13.912992381136926,446,254,91,117,15.638976682191918,45.29909292265405,127.72349163356,195,10,10,-0.6248044,0.079997875,1.4583998,1.4794153,0.39857054,-0.41568562,-0.04659526,-0.43125787
17,18,1409,372.27668202558783,33304.60169052516,599482.8304294529,13327.293489874774,87844.474425,29439.42958655449,1015.9305591444188,4.070112109396252,4.0929,801,7,0.6283043399114266,0.577402058967475,43.346291221674996,1.4979724496073472,3938.55,1.5714285714285714,0.0645933014354067,0.0,5616.315856736517,42569714.91694351,12374719.984438812,38155.83431468986,874.2097521237603,14.41866028708134,6.191377317340593,40.40753486202549,275,1187,737,212,4.2133500507426165,4.210894704779004,122.67491357304928,15,3,3,-2.3625624,-2.313717,-1.5439435,4.984685,1.596311,-3.2845347,2.4397502,1.8985657999999999
301,2,8,0.0,0.0,0.0,0.0,0.0,0.0,0.0,0.0,0.0,0,0,0.0,0.0,0.0,0.0,0.0,0.0,0.0,0.125,0.0,0.0,0.0,0.0,0.0,0.0,0.0,0.0,5,4,4,4,18.094647294068,54.719890660190075,37.320634491140005,8,0,0,-1.8845513999999999,0.30651849999999997,1.2581171999999998,0.93071634,0.90175366,-1.6560206000000002,0.32113862,-0.43107224
21,14,142,1481.5571291092149,4876.366832431515,68269.13565404122,18831.54,18877.25155,5881.87303767404,3453.0518943978473,53.8856,317.1225,39,8,29.26259701649435,6.6983827735200006,145.87592223136002,27.93063926216724,2433.183333333333,1054.304347826087,0.0,0.14285714285714285,11114.408217035074,25557118.679299265,25700181.50856486,8169.4854981874205,2753.7462891857595,1.55,14.975879830885141,72.84420643736,79,64,28,33,35.011357840584324,364.3535583118502,145.87592223136002,46,2,10,-0.21785784,0.37728664,2.0797157,0.9219861999999999,-0.093948975,-0.57247,0.55968785,-1.476226
456,10,119,135.77537551773952,1417.1987938410168,14171.987938410168,7377.7,7135.998945141705,2429.247654955126,798.5696126281406,30.896676096,15.147207095999999,41,8,2.7928780205897543,1.9911429589679943,20.180616753039995,4.178943404085523,5531.1833333333325,11.25,0.0,0.0,7354.537208039012,21217.53465055,30321.403532178087,15920.20373774804,1094.7004302803875,2.6666666666666665,8.247608387511695,41.07950916698,156,103,11,35,2.8959242548289783,3.5716002541607885,20.180616753039995,80,9,8,-1.8510653000000001,-1.0997856000000001,0.94386125,-0.5513392,2.438618,0.28644255,2.0164263,-0.03718065
475,7,28,89.28224352867598,471.30227688644203,3299.115938205093,1036.476,1908.7496,686.5834349432437,247.27375209197362,151.51101880292737,10.324240629508816,9,5,20.380607216214475,5.19936453282,251.49838896,46.033204032915094,1302.4,0.0,0.0,0.0,1142.2218148616232,0.0,0.0,1173.7066924040387,356.26992701937036,0.8888888888888888,1.9463771679194988,8.389309076713332,10,17,8,6,13.25480520979552,177.71723678406522,30.988851036640124,9,1,4,0.17796389999999998,-1.2270678,2.9313689999999997,-0.16306156,0.04379075,-2.4092467,0.7604449999999999,-0.27135970000000004
379,105,585,379.5832626280791,1622.40307792405,170352.32318202525,24299.45,16662.96,2391.721997094321,1338.076104301163,0.07459299999999999,2.3928800000000003,141,28,0.8418985134415411,0.8482548557171121,14.04717196454,1.4644244546828669,29817.03333333333,18.14814814814815,0.14893617021276595,0.037037037037037035,23039.844655801906,9457888.754530044,3253977.5219983463,31719.268335260767,14487.177278889872,6.141843971631205,1.0603088300570844,4.523341724598712,141,111,30,73,0.8720254734334009,7.016240037676237,9.314530385134944,125,7,7,0.7734643,-2.5032876,0.96246254,0.28541788,2.4258199,-0.20217824,3.5330572,0.7414638000000001
187,27,157,2156.688245258736,10217.623716693159,275875.8403507153,55088.10418489607,127987.607083,30622.962305213565,6954.335836700254,58.467,14.69158656,70,21,9.035292532191862,3.903263799617,83.61284847291199,13.351137491415367,6143.3166666666675,769.7454545454545,0.047058823529411764,0.4444444444444444,19501.81270309293,2879805.477208571,5302738.721122459,15101.580875452255,6732.521369331268,0.5882352941176471,2.774751781399332,17.181881129611455,166,68,45,71,9.710565117996248,7.861442464238193,62.364624120176,113,10,10,-1.9491085,0.07599968,-0.117579415,0.47438806,1.9206258999999999,-0.58514905,1.3085988000000002,-0.67370653
428,26,212,126.3762574976642,709.1769083513861,18438.59961713604,3965.1,3979.132815,1056.811901140699,408.2140443499777,17.97434954842064,29.81591955576,43,10,20.435312745937022,5.159963642220128,101.92587560959998,17.587098778410613,2809.633333333333,5.5,0.0,0.0,2599.601734871379,2167.96961,1979.5024614368149,1392.027212251488,309.2906600041345,2.5,12.614093677019,93.1996714098667,137,69,34,42,24.65251103277386,31.39233254678791,74.69703872202001,50,3,5,0.3135117,-0.6726218,2.6831686,0.9760638,0.77861696,-0.8449947,-0.008847629000000001,-0.39179674
162,107,626,1350.525079325319,706.8699609588878,75635.08582260099,44376.28200000001,24952.193843575,3426.4233160755543,4341.895852739969,0.023482063306981958,0.0285199,78,12,23.533696007364068,8.302181624684861,279.87579900000003,27.83477641278493,2076.9666666666667,1118.6516853932583,0.0,0.16666666666666666,11213.590750579919,22486940.70243314,23023898.15421696,15986.408748965168,2173.1720191246413,2.4177215189873418,12.52513895555002,86.5647374323075,240,265,83,81,31.38891397280344,31.277607441228856,279.87579900000003,118,2,10,-0.8548133,-1.0385754,1.6181047,0.6316309,0.08914760000000001,-1.1363581,-0.6506945,-1.3627439
210,17,109,2805.3951135407015,3438.1169323805047,58447.98785046856,52216.259226939736,23701.414019763197,6910.561437264521,8357.784710528877,0.25363970677592673,96.3807582963642,28,7,25.16732495216696,8.452727396269118,210.29799944383998,31.36008763547124,2101.4666666666667,703.6315789473683,0.09375,0.16666666666666666,13307.971893581409,5829931.030509564,6079390.887276257,11141.544333830278,2438.0965845160417,1.25,16.27736403474033,54.400049052821544,53,31,14,24,25.165591963692407,38.78974830308374,58.1752463838,31,2,10,-2.3237326,-0.43598938,0.6223168,1.4978004999999999,0.5691977,-1.274054,-0.4705742,-1.2440326000000002
243,18,122,391.48406303097977,1836.1186935591056,33050.1364840639,12926.76,16024.808286417,3735.564575184311,1458.1627099613966,27.234,9.5374702545,29,14,8.723440166603774,3.483862357844628,53.34848873856,11.21118542535018,4677.016666666666,758.9180327868852,0.10416666666666667,0.5,4045.6921131463855,3293636.34749923,3952282.153498703,1627.002292729536,676.2174193895397,1.4375,7.597920620918432,21.73589609784471,58,44,21,32,12.377715644069495,17.599430791001954,53.34848873856,38,9,10,-1.2958263,0.5552478,1.4279643999999998,0.3357658,0.6622639,-0.28853473,0.73658246,-1.9409843999999998
186,18,164,2429.0314474576207,16919.63147202598,304553.3664964676,197842.07528955844,65350.0,18738.652329711767,15930.441837096118,2.2399,164.03128,63,16,51.138095096305435,0.8661817901805422,708.46141716,107.3611628576602,1869.483333333333,609.6444444444444,0.24,0.26666666666666666,29604.095071132597,372828.99576954026,882227.1989565742,18734.243821531214,7824.571501267898,2.026666666666667,2.674745556378664,29.815482350188503,126,75,33,58,58.604435020447426,46.21013270246416,379.62197644559996,83,9,10,-0.65959215,0.53903687,0.77951187,0.24211842,1.415406,-1.500283,1.2371466999999998,-0.60434324
453,1,3,0.0,760.1968900383998,760.1968900383998,0.0,760.1968900383998,0.0,0.0,0.0,760.1968900383998,3,1,5.0546727570200005,0.3644001900000001,8.142288229460004,4.061205124579431,-297.1333333333333,0.0,0.0,0.0,81541.8488579006,0.0,0.0,844647.6136578799,5179.717627992217,187.0,0.1871150692997177,1.24238566452,3,3,1,3,5.05467275702,7.234504357023332,8.142288229460002,6,1,4,-0.72969276,0.039536744,2.7071834,-0.6219177,1.1792885,-0.9285486,1.9186456000000003,-0.11730044
579,4,1678,2208.9175432187,21592355.65,86369422.60000001,187275.56101018,85059912.60000001,42314248.75875656,10639.477546830783,4.7258,106670.0,556,2,4.572881181435866,2.085292188,21.42888552,1.9876663263596623,-10904.666666666666,0.0,0.0,0.0,0.0,0.0,0.0,0.0,0.0,0.0,0.0,0.0,51,1576,1414,4,6.149553785545321,6.575956889656818,41.20896339,115,7,10,-0.38756207,-0.42694545,0.44291952,-0.051651999999999997,0.55407435,-0.63042694,1.004097,0.6619459
325,8,20,163.26530070854258,414.7084550111177,3317.6676400889423,497.5039432,1023.1,282.28244539226995,163.6758847772745,9.3754,182.6,13,8,2.7070358768435003,0.3480713342208375,14.012992656000002,3.8761519776325226,27368.38333333333,0.0,0.13333333333333333,0.0,301.11530818151107,0.0,0.0,311.18990846346367,149.3018235486965,0.5333333333333333,0.6155406095218472,1.5180095122077242,33,2,1,27,9.220013937000001,12.010692647632554,10.0176398865,32,6,7,-0.1230482,-1.5587528,0.12823524,0.5536005999999999,1.4872056,1.4027652,3.5108125,-1.4943142
172,68,178,0.0,0.0,0.0,0.0,0.0,0.0,0.0,0.0,0.0,0,0,0.0,0.0,0.0,0.0,0.0,0.0,0.013157894736842105,0.16666666666666666,0.0,0.0,0.0,0.0,0.0,0.0,0.0,0.0,82,24,9,21,48.46807129999172,49.4665282931211,208.94877444634201,25,0,0,-0.9857418,-0.052613112999999996,1.6412741999999998,0.80548227,0.7806924,-1.3798875,-0.11368766400000001,-1.3670238000000001
345,2,18,3342.1902840566026,29834.21298372603,59668.42596745206,58883.39382881885,59668.40114485206,42191.91351985526,13861.663986008403,23.3968,0.024822600000000004,9,2,28.373612196843556,6.662424851775,100.36137001728001,25.882813035158357,1826.3666666666666,0.0,0.0,0.0,0.0,0.0,0.0,0.0,0.0,0.0,0.0,0.0,9,1,1,9,28.453705863720003,87.06893249156154,28.453705863720003,8,2,1,-1.568207,-0.10903639,1.4127818,0.6407897,1.1245171999999999,-1.9316137,0.023250548,-1.463797
213,71,147,234.6426709631569,262.68518216354744,18650.647933611872,2677.08,2398.1353663278005,390.92512027396765,439.5713857098677,10.014049874735054,16.104,29,14,14.84163709630109,4.972034356897957,67.05591858504,13.686259742438846,1636.25,649.4354838709677,0.040816326530612235,0.0,2100.868406329228,4107008.3160169367,3967550.884801776,1254.0320738139014,639.6388593784467,0.8163265306122449,5.324425447976755,13.860101827688572,68,35,17,19,24.241565637033005,19.570796954821017,67.05591858504,26,2,7,-1.924723,-0.40795177,2.5691757,-0.1169771,0.6329353,-0.6501566999999999,0.06968325,-1.1868864
480,15,507,5.94073087521919,8.038783323439493,120.5817498515924,403.025,70.28747967999999,18.006989906128144,32.374507718770104,0.118572,0.0044794836239999995,154,14,0.2663831699836606,0.39866365705992,12.9120016326,0.6750919327740315,23621.75,1.3846153846153846,0.01282051282051282,0.07692307692307693,220.13591306408142,2.1319101512066663,2.297853192018421,63.68655412495343,50.91140237456434,1.3653846153846154,0.3299964653191297,2.000692865291842,459,143,7,332,0.18073846844343391,18.507425197337792,1.8467177821930685,459,7,5,-2.616858,-5.6187190000000005,-2.5326798,2.4988015,0.33433142,-0.9367639999999999,3.5139842000000003,-3.4809690000000004
181,49,154,0.0,0.0,0.0,0.0,0.0,0.0,0.0,0.0,0.0,0,0,0.0,0.0,0.0,0.0,0.0,0.0,0.0,0.0,0.0,0.0,0.0,0.0,0.0,0.0,0.0,0.0,72,58,19,29,8.956955694480284,15.854840874713128,76.08280383577501,26,0,0,-1.1212106000000002,-0.055548042,1.8759017,0.26745890000000005,0.56745386,-1.308929,0.20204389,-1.8920371999999999
481,3,8,131.33524340773346,226.10310276,678.3093082799999,762.4474912619652,678.3093082799999,391.6220617292868,274.22975489007007,288.2344559999025,678.3093082799999,5,2,43.15530254596875,10.237615038,164.3805191,53.18661176089128,12.116666666666667,0.0,0.0,0.0,762.4474912619652,0.0,0.0,65.66762170386673,274.22975489007007,0.3125,43.15530254596875,164.3805191,2,1,1,2,53.87335468799999,189.00836664117006,53.87335468799999,3,0,1,-0.5798595999999999,-2.522119,2.687281,-1.1202942,0.78110456,-2.0166736000000003,0.40471494,-2.0650065
538,3,4,0.0,100.38357412309999,301.1507223693,0.0,198.0215831868,86.35989807272419,0.0,0.0,34.010470790999996,3,3,37.9729156191605,8.50763599,68.39994870544001,29.151354204426926,2113.383333333333,0.0,0.0,0.0,0.0,0.0,0.0,0.0,0.0,0.0,0.0,0.0,4,2,2,4,62.807133389605,39.67627745878251,68.39994870544001,3,1,3,-0.7215060000000001,0.57489353,1.5545543,0.14719824,1.2602798000000002,-0.29810908,1.2207976999999999,-1.4542836000000001
37,90,330,9147.178851196444,33756.79872412351,3038111.885171115,251495.0,878120.72,131400.19130976056,36076.80586646252,10.302813980875923,0.046549074630000006,71,32,3.2171916899647766,1.1833394251586389,35.11584381150875,5.328887999883347,1432.9833333333331,1343.5384615384614,0.0,0.0,576697.1862503275,3610326.555269342,18373779.251149107,1765598.4345516327,96908.95800316636,10.540540540540539,3.5277873274835434,28.811331528883816,198,174,40,48,3.7712277015323408,69.32649163773641,35.11584381150875,77,10,10,-0.5840486,-1.3177173999999998,1.0507442,0.56968015,0.81374097,-3.510788,1.3497,0.97827846
103,38,266,950.4913365640747,2905.6060890849653,110413.03138522863,18251.9,20706.6805975926,3965.608531245261,2368.6766338202906,53.42393739382549,125.726592,56,15,17.007384374129582,3.988084998883822,280.04432994096,25.49054198880892,4537.6,871.4230769230769,0.030769230769230767,0.5,14045.43656511425,38389976.84783684,38886516.34096173,5904.681498548302,7090.926941422946,1.0615384615384615,7.134960052428198,42.1972605133,168,118,28,37,16.27297618467498,28.139029312549273,108.2088582912,52,2,10,-1.3516346000000001,-0.33445084,1.050902,0.5903765000000001,1.8697088,-2.2549174,0.04255313,-0.9054148000000001
354,15,79,608.4273979028018,766.6464722925027,11499.69708438754,11413.728,3417.400508984,1047.471880362568,1759.0186058414804,3.9185408986439367,17.250999999999998,32,5,9.928917837766171,3.3429179995483227,180.40213818880002,22.64071979254312,1503.55,24.0,0.0,0.0,43570.903684752986,11221.423,50069.959145440116,25919.813668807783,5314.322140705038,6.7142857142857135,8.207679696484346,111.55311624807928,27,25,23,18,10.20222289963741,184.85543906820573,56.31428768462,28,7,8,-0.23924725,-0.80140126,2.3625371,-0.68728924,-0.75319237,-1.4316628,1.449262,-2.2960768
34,1,46,12060.702173913045,335.45,335.45,405552.5,335.45,0.0,61496.786297534774,49464.8,335.45,10,1,107.56004756712177,3.7758252,526.9385112163201,122.81083314926529,3194.4,947.5,0.0,0.0,48800.5506,100284.5187574773,197862.07272544035,3308.9144334903444,14689.312886382195,0.3333333333333333,1.2748970145545453,2.56865447332,24,31,14,17,148.0300366014708,160.52670121214618,526.9385112163201,13,1,10,-0.36801586,-0.7365873000000001,2.141279,0.039912157000000004,-0.035775978,-1.7175685,0.03450387,-0.72795504
178,25,161,0.0,0.0,0.0,0.0,0.0,0.0,0.0,0.0,0.0,0,0,0.0,0.0,0.0,0.0,0.0,0.0,0.013157894736842105,0.16666666666666666,0.0,0.0,0.0,0.0,0.0,0.0,0.0,0.0,95,84,25,33,15.869635817785088,16.821462305757276,88.98232802193459,29,0,0,-1.1557741000000001,0.184223,1.8946778999999998,-0.029584878999999998,0.71482575,-1.6030323999999998,0.5161379,-0.7362984
64,21,180,1808.5837605053373,6308.6415740065195,132481.4730541369,59297.6196,37230.911048819,9749.371231230296,6562.726766334274,119.473704,194.7592,33,19,37.341198738077374,9.449062834,265.0819790736,52.32371471874972,0.13333333333333333,580.8441558441557,0.03389830508474576,0.55,67195.14128393133,50765450.89667473,52358663.24296317,17606.800618412217,6740.438209693993,0.3050847457627119,6.1507694586263275,13.0833662772,89,58,11,25,56.08079719160409,57.10835475769177,265.0819790736,30,2,4,-1.6098139999999999,0.20345934,1.283592,0.022721006000000002,0.7258818,-1.6927863,0.6179836,-1.0682976
85,68,905,287.09661191213814,1273.9914060004385,86631.41560802983,8900.76,8877.906926475998,1912.9166302606409,898.1616785840846,28.0761,28.0761,63,7,21.332661118497747,6.63093549194467,116.55170163,19.775669186247946,1812.9,2252.7088607594933,0.0,0.0,9550.294465393874,6092316.671756531,6124876.851702643,6927.824638619194,2230.63531228793,1.1466666666666667,15.280510676725305,64.2968699802675,452,428,72,70,28.3323287469572,29.596177215751176,116.55170163,81,2,10,-1.2452021,0.011037878999999999,1.8261040000000002,0.8780815000000001,0.7411099,-0.90951926,-0.10019199999999999,-0.34994593
384,4,8,10.059813764165336,52.756310554224996,211.02524221689998,35.89025316332269,128.40059222,53.29777191805636,14.524384726757345,20.85599,14.171256035999999,3,2,15.424967340058384,4.7602779,63.00656506804336,19.78863099577075,160.45,14.0,0.0,0.0,3421.727385751091,1323.4951817821998,4840.672571215069,7383.617874849887,494.1625006154518,10.666666666666666,11.831427800760205,46.6227950112,2,3,3,2,27.01951846201445,15.093420835263055,63.00656506804336,2,0,0,0.06102366,-0.73632807,2.4042084,-0.8873017,-0.43418729999999994,-0.9136615,2.5687450000000003,-3.0104208
380,23,474,229.82621175860126,895.1688021500295,20588.88244945068,8735.0,8489.900218047685,1944.6945051510997,867.2594922648112,12.829669999999998,98.686,156,12,18.31521159017797,1.8996046911964788,460.4775,38.08785278899222,4832.55,6.25,0.005847953216374269,0.08333333333333333,63682.99310379707,12169026.680074286,7221020.862043708,16189.424028523083,24249.327658828985,2.304093567251462,10.886871682094307,98.55743863993706,272,198,123,109,21.33730606048413,220.14157890780064,126.06584118040001,156,7,7,0.39408183,-1.5567883,1.8784613999999997,0.12639852,0.55637425,-0.9134124,-0.08861591,-2.1752822
476,1,30,203.94902873773626,592.4401051740714,592.4401051740714,2629.275,592.4401051740714,0.0,527.5192718108865,107.655,592.4401051740714,14,1,6.486784316955035,0.14259946927296,39.143487708,8.53429138178802,6983.5666666666675,0.0,0.0,0.0,0.0,0.0,0.0,0.0,0.0,0.0,0.0,0.0,13,9,4,11,9.596081715192513,15.77685700773817,39.143487708,11,6,6,0.24801839999999997,0.43531498,1.1201103000000001,0.4847304,1.0044744,-0.79957443,1.279293,-1.439017
343,28,78,957.6666590964404,1971.997681503504,55215.9350820981,5976.18,5971.04676415,2035.9870294380441,1414.5647652204148,0.094843119,0.5255785302599999,34,20,11.583198512867833,2.6916515581519294,153.83287042703998,22.028059022636377,30237.7,0.6842105263157895,0.05882352941176471,0.0,3824.2186449008095,28354419.95672249,4546181.63415554,4249.253604923206,1404.6567991552747,1.9411764705882355,4.682496586284828,36.478584099204156,54,20,10,37,18.3305197249368,19.030990513983813,80.75169693187199,57,7,9,-1.3546102,-0.77691704,1.765785,-0.57244223,1.6172535,0.57746595,0.9976149,-0.7310955
282,21,80,865.6492586745261,3002.6993069359314,63056.68544565456,19033.975,19469.08,4673.90279251457,2599.1462979858943,29.976094,4.998246799340398,20,8,12.675599882220288,3.484921677379224,95.785520895,14.526484355093375,1110.4666666666667,503.6833333333333,0.0,0.0,10509.689017756808,4198129.471613997,6990668.503295553,3699.2505356815477,844.3833523517147,3.5,11.760715298112723,116.42684363802,37,25,9,11,13.80827627484197,23.235553576269854,51.32102750207999,18,1,1,-1.3581561000000002,-0.7161081,1.8497082999999999,-0.32846773,1.0024757,-1.8768261999999998,0.1470263,-0.46571577
12,4,12,267.69580353325,376.59932000000003,1506.3972800000001,1334.8,665.2305,261.37529101574034,396.34619804344806,25.556,58.278,6,2,3.631847137545561,1.783885331247376,9.094856232,3.225115638456222,74.56666666666666,944.5,0.0,0.0,49775.5110338392,571563.31942725,1088340.1265909504,116232.42263627565,2926.6238740633917,26.33333333333333,26.394569128364626,189.26846591562,3,2,2,3,5.085236834249999,3.941202191981535,8.812291137299997,5,1,0,-0.19054129999999997,0.45064077,1.5239718,0.6201688,-0.25172475,-0.97356045,1.5811867,0.32870892
372,5,353,545.8448396194674,35353.05710145828,176765.2855072914,15450.8,147711.2,63491.826534198655,1962.1105286791785,3.3889,3.3889,44,4,7.576206907554423,3.2105034234,54.339386702000006,8.441942407066,6240.6,0.0,0.016666666666666666,0.0,70060.44867182072,0.0,0.0,35783.31769945062,17934.05678116684,2.583333333333333,6.2754623077255705,44.177396299918335,231,263,149,91,8.32753876150759,184.4511774722467,54.339386702000006,98,7,6,-0.92353475,-1.8952643,1.4876885,2.156805,0.028370732000000003,0.06233765,-0.21198197,1.0368256999999999
266,1,1,12152.85144342,20633.65,20633.65,12152.85144342,20633.65,0.0,0.0,12152.85144342,20633.65,1,1,1.790313,17.974845000000006,1.790313,0.0,0.0,735.0,0.0,0.0,59448.68847000001,1787.2946441,4838.545263250738,354656.78045929264,7145.674010114864,88.0,0.07993319335177361,0.17478451400800002,0,0,0,0,0.0,0.0,0.0,0,0,0,0.050797794,-0.41187609999999997,0.94667923,-0.23339371,0.2574171,-0.81895995,0.6677013,-0.47373638
50,2,23,0.0,875.5780500000003,1751.1561000000006,0.0,1572.65,985.8086056398599,0.0,0.0,178.50610000000003,5,1,14.220837316029744,7.4957096760000015,50.908119948,10.511734061578595,1800.5166666666669,1077.1666666666667,0.0,1.0,0.0,65267.3762832,65267.3762832,0.0,0.0,0.0,0.0,0.0,9,15,8,4,17.485101678603332,241.1728798067812,50.908119948,4,1,10,-1.1242527,0.514678,2.3639245,1.5041322,-0.27032042,-2.1925668999999997,1.3987432,0.655412
31,2,84,768.462726190476,564.5345,1129.069,21520.2,771.865,293.20960499359495,3524.741411845113,13816.67,357.204,20,1,16.097463817443053,4.551432375,72.49974514629001,14.729057777750109,1636.166666666667,841.1428571428571,0.0,0.0,36729.619875679666,6953.8248036,11472.503534770241,12369.437336961233,5078.927108520305,2.6,11.288690152655953,88.43920363991998,56,53,27,23,17.098666301683192,128.4079781403689,72.49974514629001,21,1,10,-0.29094166,0.40071964,2.8765063,2.2124197,-0.9205450999999999,-0.9793423000000001,1.366524,0.06497088
78,10,65,244.03245389323604,1392.9456402277694,13929.4564022777,2017.6354550000005,3747.4261944,1309.8061050132876,526.8759666408095,8.860959999999997,100.1481216,21,5,29.820385919393306,6.834666434402468,105.04144433412,26.284685632723452,2376.883333333333,902.2941176470587,0.06896551724137931,0.6,1224.5940199509585,16147.349912916,183961.6023811101,274.8322174310149,620.4617707040874,0.3448275862068966,9.81443717612535,20.60341572610294,39,29,10,13,40.86282040974374,40.13631525743164,105.04144433412,25,2,10,-2.6571195,0.038225792,2.2913659,0.34525794,0.8619180000000001,0.036436338,0.6871427,-0.29072642
66,10,136,96.27935609398682,345.3459167205886,3453.4591672058864,3998.510566063408,2516.139292615,771.7616394354286,384.43387732866603,93.13711669340296,22.16446873364839,31,2,14.101872399839413,5.138270277,158.0895843144,22.84839300162665,2134.3,626.1785714285714,0.0,0.5,3059.908473549749,2175.67146483025,6733.556042266968,524.0907072145629,379.71683620295937,1.0363636363636364,12.610618246654418,99.14013013959999,65,50,15,23,16.703402052772084,21.450415508527342,158.0895843144,24,2,4,-1.2581898999999999,0.11414726,1.2453152,0.46068640000000005,0.9491649999999999,-1.6899359,0.27927783,-1.1202103
522,9,264,1639.2140464689294,2811.700734633333,25305.3066117,34783.008,13374.908,4394.010334506634,4172.275389930251,89.4505,30.1863654,45,3,27.601935372363826,5.4211205253333326,100.81578374840001,18.698514972954225,1253.4833333333333,13.0,0.04444444444444445,0.0,75549.15003889862,9807.21735,30585.86696966344,115244.03172122914,14791.09228019211,2.7777777777777777,20.80707033394732,106.621317918955,96,124,34,34,35.7864248189606,37.80289786851751,91.92981570843546,62,1,4,0.20675336,0.08384224,1.721556,2.452425,0.7130598000000001,-0.46473923,0.15686928,-0.96325755
415,2,11,113.95409203345643,609.1895615125501,1218.3791230251002,857.3723494400031,1088.9283281757002,678.4530702111686,273.7078047236853,396.12266292801803,129.4507948494,6,2,17.819193212817346,5.1265877754,65.0869085146348,18.541518143033432,1305.35,0.0,0.0,0.0,39804.5701721415,0.0,0.0,18836.053479562008,15886.797468197043,0.7142857142857143,204.04983470310643,573.0474992098001,6,16,4,3,19.15299664470875,14.861459363832333,65.0869085146348,9,2,1,-1.0668526000000003,-0.02023533,3.3248724999999997,-0.39962685,-1.0861399999999999,-1.8279398999999998,2.1143992000000003,-2.0438972
252,5,11,643.883683787531,1506.9513510827042,7534.75675541352,4166.49,2990.8972663570007,1101.1526105251523,1294.1523456769353,43.134221662840005,38.74700113752,7,4,38.396260744097816,18.9999082728,138.56381006286,47.634247687158755,96.55,908.2,0.0,0.0,38.74700113752,8384243.801436221,15696246.19673621,5.741543214771428,26.37734551848311,0.2857142857142857,14.703426936968,21.253426129936003,5,2,2,4,18.626696021449998,92.92832805556999,22.812341220900002,3,0,3,-1.7289896,-0.47620842,1.322511,-0.15398985,0.47116303,-1.5577497,0.26522997,-1.503406
549,15,185,20.807218768701233,52.842004041288774,792.6300606193315,1223.736,218.51,76.64700606043935,94.42798377533572,0.0004693785147891827,7.2127990774000015,36,9,2.6861415539363245,2.646643176655016,36.29381081106,5.413496171646859,2427.8,0.5,0.0,0.0,1903.3695797238609,85059912.60000001,10796177.825,358.84574381447754,547.0520186926184,1.375,1.4469020056515485,15.63009806629272,58,76,23,29,3.1897918484775447,7.289554033451446,29.6065846563,44,6,8,-0.6244499,0.5620814000000001,0.061561834,1.5857072,1.0374543999999999,0.16593994,1.7280863999999998,-2.0287653999999997
417,4,4,1.2055571097749995,2.184457767,8.737831067999997,3.677506919999999,3.750299999999999,1.8149855498942296,1.6796727991163105,0.1486690407,0.3386296038,1,2,0.0379860495,0.12693018975,0.07441308,0.03983727934470878,5091.566666666667,0.0,0.0,0.0,7715.436999999999,0.0,0.0,57259.17670328356,947.0481879977907,170.0,0.1860333471887425,0.4604775,0,0,0,0,0.0,0.0,0.0,0,1,1,-3.9720332999999997,-1.5388083000000001,1.8971665,0.25919765,0.46070915,1.771773,3.9839828,-0.8085230999999999
525,6,16,215.08001185285855,86.41024582832053,518.4614749699231,1778.62206795,136.782126,47.119474563029044,484.8374128492423,13.526,9.648628977923128,13,4,3.2920773685975933,0.317540671,16.69835643,5.401684475864059,5941.2,0.0,0.07142857142857142,0.0,967.1425375182226,0.0,0.0,795.3339048134,181.636945514024,2.2142857142857144,1.5773349599751272,46.28809400506605,7,2,2,7,9.789535033189999,7.670741055132398,16.26968470006,8,6,8,0.23422669,-0.20665762,3.2156687,-0.72670555,0.17792389,-0.99278796,2.2304842000000002,-0.7907892
332,19,126,0.4011624357242852,5.447034657568264,103.493658493797,16.10675,26.64998812,7.15598460356624,1.5437826728156223,0.023416,0.039156170719999994,98,16,0.6978854323514602,0.5885381412580839,20.9422001876,2.4692433390455624,23877.6,1.6875,0.102803738317757,0.0,95.3686629782765,10.573683321066667,7.14378298188659,42.31361987614598,18.997387433102034,2.4018691588785046,0.25224779092839106,1.5289163362796894,337,51,34,186,1.3707943528518742,20.291774791450422,20.9422001876,289,7,8,-6.2670712,-2.767289,0.7995411,1.0957264,-2.170778,-1.4188601,3.346446,-1.0699409
435,28,682,1651.2032286405465,5752.115493171906,161059.2338088133,279617.13,65988.65999999999,13986.913171606167,14462.512432498585,4.7204000000000015,0.032829000000000004,165,16,17.24760655123994,1.9578843754748605,319.16484825416,27.68336465986091,5684.25,0.0,0.0,0.0,0.0,0.0,0.0,0.0,0.0,0.0,0.0,0.0,431,395,150,127,22.798057375642845,36.32781419377794,319.16484825416,203,8,8,0.4043805,0.17472538,1.4799638000000002,1.8417236000000001,0.9196976999999998,-0.5490818000000001,0.85118395,0.30460528
15,18,1408,372.7902403258939,33304.60169052516,599482.8304294529,13327.293489874774,87844.47442500001,29439.42958655449,1016.3101154107712,4.070112109396252,4.0929,801,7,0.6224827225107955,0.577402058967475,43.346291221674996,1.4896781538610502,1375.45,26.180522565320665,0.06578947368421052,0.0,5447.9312455876425,28590924.06629839,30341187.676696394,38289.60675043439,852.7202883493451,14.988038277511961,6.124020602551067,39.741716438189314,275,1187,737,212,4.2133500507426165,4.210894704779004,122.67491357304928,15,7,0,-2.3625624,-2.313717,-1.5439435,4.984685,1.596311,-3.2845347,2.4397502,1.8985657999999999
122,66,777,1190.6378878433825,9953.98287572828,656962.8697980664,137355.24,112577.922428598,17803.359963073584,6618.120699331581,7.911657824000001,17.7033,108,26,29.94733966073155,6.1392996280110275,453.96515247720004,36.16900807606767,4267.966666666666,883.2980132450331,0.0,0.3103448275862069,27206.38799838244,42445690.35423731,37413680.670908906,15596.64233176038,4250.990994195273,3.248,13.307722821260526,65.81236706687051,472,475,84,108,33.47099498973832,40.85761095836634,173.04766335465,146,9,10,-0.62849134,0.30865496,1.8849779999999998,0.9099568000000001,1.1280678999999998,-0.9399042999999999,0.25771156,-0.31590155
45,6,303,3871.224050153188,2302.667014533122,13816.00208719873,325368.715,12611.676068825,5068.430806087921,23701.639597123893,151.71599999999995,6.599744525378102,56,6,20.50250229965161,10.68080697775,143.3175417014,20.412166158931647,2582.516666666667,755.6811594202899,0.015873015873015872,0.2222222222222222,176397.36684287764,32206.29583200497,448231.94442042033,61868.67814952447,35676.67987779047,1.9365079365079363,9.994333429116578,59.92663657645575,98,162,48,45,28.253779510875912,197.10037852146274,143.3175417014,47,3,10,-0.9222743,-0.18013449,2.817593,2.312533,-1.4973788000000001,-1.0813355,0.6698328,-0.18368635
6,86,258,66.62299841764079,132.29369018231762,11377.257355679321,516.4943553,501.33237160499993,128.8585700004378,106.93549292741129,17.6825,7.0227895920000005,34,14,6.3728691544989955,3.1497468947269307,58.208402648159996,8.275290688057916,7514.516666666666,1394.7826086956522,0.0,0.0,637.8051103409869,29098162.32714791,59087660.491616,736.2504648259396,215.72190539838445,1.3142857142857145,10.958449227142296,31.797395793040003,112,48,17,27,7.420703275809555,50.72892525204289,58.20840264816001,27,9,10,0.6889939,0.106445834,2.5132828,2.260536,0.34617624,-0.12787142,1.6277492,0.30331752
165,48,329,611.5656545855172,2379.861983202596,114233.37519372455,25263.84,35001.73823053156,5294.501253046342,1932.718649298513,7.0887899999999995,15.009955253304252,99,8,19.5943855113712,5.953503384369832,105.25899807918002,19.69635650558213,1017.5666666666667,865.4047619047618,0.175,0.14285714285714285,5444.295502121697,23685.527928908763,115500.93755873053,3630.054043246236,5384.881983495035,1.35,3.1075876064368053,8.113852346514497,153,118,61,72,29.84717668943501,87.14092505014506,105.25899807918002,99,2,10,-1.3187122,0.052939884000000006,1.7014151999999998,1.0323728,0.059242304,-0.69929105,-0.12324289,-0.5298067
157,27,144,3760.9551750191554,4882.2312985583085,131820.24506107438,31485.645053502765,27839.030457654102,8667.799238257552,8350.87492802271,3.94727,2.23371,28,10,13.172843006325385,7.549147174644446,256.91656123445404,29.123662768243168,1239.3333333333333,735.8723404255319,0.02564102564102564,0.4,9984.957823284552,42350622.452363536,43046476.97355419,14709.570790560827,3295.5749217963466,1.0769230769230769,7.975345258396986,64.61298501984021,70,57,15,24,15.01892492580633,23.86788242273293,256.91656123445404,20,1,4,-1.0090334,0.16848478,1.6653647,0.49244314,0.36296,-1.8324572000000001,0.35657340000000004,-1.0631618
261,1,2,2977.9615124838,5936.2972899999995,5936.2972899999995,5955.923024967599,5936.2972899999995,0.0,4211.473559179683,5955.923024967599,5936.2972899999995,2,1,9.8835412005,10.95632307,12.34285074,3.4779889048344312,0.5833333333333334,550.6666666666666,0.0,0.0,83081.07351370211,36537200.0,36637777.4,316247.1677431849,7236.061216841723,85.0,18.10959453579732,198.43577021162997,0,0,0,0,0.0,0.0,0.0,0,1,0,-1.2005038000000001,0.09413078,0.9118027,0.106003076,1.5458435,-1.0741571,0.69495124,-2.183714
75,193,1268,294.98188401125094,748.4611865747809,288157.55683129036,20903.449651946925,13652.955218376,1701.510337431645,1259.3082160081728,9.254e-16,0.30904000000000004,234,72,7.2931608909307215,3.6757370417088255,235.50861976915002,15.753270767168512,7259.683333333332,1863.6313993174067,0.0,0.0,25197.740391711166,18149244.13606673,41707158.75238673,27370.137416307432,5836.75729417766,4.323529411764706,10.754732374604325,54.044532497126454,1063,720,129,201,11.077193646610484,18.699942674107472,120.95456985548999,244,10,10,-0.8123526999999999,-0.19887933,0.36990159999999994,0.25192329999999996,-0.16725235,-0.60841805,1.0139532,-2.4787345000000003
10,1,5,10.048559999999998,1831.0903987,1831.0903987,50.2428,1831.0903987,0.0,22.46926323598528,50.2428,1831.0903987,4,1,26.499740688724,9.80256984,57.59683118551999,25.03455403080878,1477.783333333333,884.0,0.25,0.0,0.0,36537200.0,36637777.4,0.0,0.0,0.25,11.080989236250002,11.080989236250002,7,2,1,3,53.43438622546501,31.077242543532854,57.59683118551999,7,1,7,-1.6888366999999997,0.40532643,1.3623737,-0.035216197000000005,1.2531217,-1.3417569,0.9749296999999999,-0.5896241999999999
585,16,137,16.788191459216275,25.58349540944393,409.3359265511026,1319.132,298.179929061,74.50441841514663,125.32937188788294,1.6040999999999994e-13,0.016465,42,9,1.3523796756371695,0.2273464982206425,20.940527553,3.386488362491082,-129.76666666666668,0.0,0.0,0.0,0.0,0.0,0.0,0.0,0.0,0.0,0.0,0.0,36,83,74,29,0.8146090751909651,7.230814920435249,20.940527553,33,5,6,0.52346873,0.3101979,0.48130259999999997,1.6584985,-0.5427755,-0.16640058,2.897421,-1.6001948000000001
556,17,74,138.42723848207473,353.6642258297483,6012.291839105721,1029.8175149238657,1092.532795,355.76307025561096,278.34866234058705,60.84470000000001,17.49009136,36,16,3.322506976304378,2.5951298248235295,63.3403013695,9.962604106486213,30099.8,0.0,0.054054054054054064,0.0,173324.01828611435,0.0,0.0,21426.255557180946,49684.635617996544,1.5675675675675675,1.247199720698428,18.628086010375,35,16,11,20,7.778499948493999,6.294942089079652,63.3403013695,36,8,10,-1.6871626,-0.07336616,1.1145687,2.0193908,2.494683,0.6814938,1.8887962,0.85979164
285,2,11,13.522470545454546,224.15000000000003,448.30000000000007,148.747176,314.6,127.91561671664644,44.848961037905255,148.747176,133.70000000000002,8,2,13.215271347006741,4.9978572,55.838868085440005,15.49341264000601,2420.1,1137.4166666666667,0.0,0.0,0.0,2711697.80209876,12828398.11587031,0.0,0.0,0.0,0.0,0.0,8,3,3,6,12.825555399490002,30.218749870167493,17.6083734024,8,1,10,-0.80640155,0.22834250000000003,1.1892011,0.99503535,1.3267002,-1.7234769,0.17181289,-0.9201292999999999
483,4,16,2.9685952482940503,31.2779001028,125.1116004112,20.0283048,107.5473643361,51.2633111088317,6.1503941353598846,0.2065618,2.6046360750999997,14,4,4.489073840465258,2.80988085,13.506133786991999,3.830887307924666,2659.833333333333,0.0,0.0,0.0,46.060773631091784,0.0,0.0,10.863658653080508,16.339392788230242,1.625,7.418174990150554,29.655742772824002,3,3,2,3,5.2357554228,5.740809011609731,7.0149844128,4,5,5,0.39882144,-0.4911351,3.007477,0.044592727,0.3559487,-1.450634,0.67936885,-0.7588335999999999
589,22,125,142.448911528244,299.8494248179296,6596.687345994449,773.1790000000003,903.2319503609,277.944410256132,180.09401168461616,8.0831e-07,2.014,52,17,4.053581239687229,2.930584319727273,69.2324932809,8.667278344846679,2386.8,0.2222222222222222,0.08928571428571429,0.0,260.1958268214267,85059912.60000001,4798301.255555556,361.21827770605853,113.66942194750679,1.2321428571428572,0.7544726264062178,8.09499895491889,111,16,12,93,5.582071928404128,11.537399086122608,29.633729653440003,104,8,10,1.2345701,-1.5783385,1.3976728,0.13816118,0.052799247,-0.8459003,2.7386427,0.21491858
422,2,3,709.3398039502997,1093.53447140684,2187.06894281368,2024.7755912019,2081.6651864711803,1397.4278586414139,1140.3698103739102,103.243820649,105.40375634250002,2,2,2.5777625226333334,1.9676364119999998,5.42494953,2.669742530858688,16583.033333333333,0.0,0.0,0.0,81541.8488579006,0.0,0.0,1689295.2273157598,5179.717627992217,374.0,0.1871150692997177,1.24238566452,5,1,1,4,2.1777264379,3.11477800375,2.1777264379,4,6,8,-0.12136563,0.05990086,2.3358672,-0.17044437,0.5762122,-0.8599074000000001,1.7575886000000003,0.15442455
202,47,252,927.9229650659796,1196.697903406954,56244.801460126844,19145.49,5500.4,1750.0356659657004,2425.7792451469627,5.6578350435,13.469347375999998,68,20,30.07097148851692,2.253969463072365,288.04710002544,41.75828394933486,6121.1,868.8876404494383,0.0410958904109589,0.7894736842105263,8995.665418093578,13492.500331317044,149356.07483481333,6750.98432520385,2948.5219243556317,1.7123287671232876,9.980935333963755,38.713743233555775,101,82,24,33,48.320461693739226,36.02851860153345,160.23730629892,79,8,10,-1.4619316999999998,0.18058826,0.42638084,1.7295781000000003,1.6584775,-0.7946327,0.09880626,-0.76643807
293,12,22,240.38623162951686,347.2845337740451,4167.414405288541,1300.176346773959,1000.8330822060001,337.0705920396503,407.7940254956295,11.015082099999999,21.4599,7,8,5.949159142155205,4.569614179375,22.1670072474125,5.464722332477153,0.08333333333333333,333.625,0.0,0.1,766.4450120121949,3794394.953889715,6485245.033933342,67.58043147932129,503.8096380735991,0.17391304347826084,3.6060430977555007,11.95262017341,12,4,3,5,6.287998240837501,18.03215993722771,11.860316867700002,5,1,0,-1.6144096000000001,-0.07552961,1.4917707,0.19786574,0.8702613000000001,-2.0187263,0.36529459999999997,-1.327952
590,16,60,118.20821840227993,484.07005778620004,7745.120924579201,895.1894500000003,1853.0957987127,498.9825863418487,190.90730576621803,0.1894004,8.5464,42,13,1.4427812611426492,0.5454120556375,20.773272528,3.6666586964943053,26985.98333333333,0.07142857142857142,0.17777777777777778,0.07142857142857142,428.0195711664631,402.9628741666391,28.78306244047421,176.12371973997162,310.21664203195223,0.8444444444444444,0.8745157691580172,2.520381926974079,60,28,11,40,0.6128053683598237,2.359657062629404,5.978241598890159,61,9,10,0.2314429,-1.8669035,0.80304086,-0.90916353,1.8530217,0.044179275999999996,2.3325236,-1.3859488000000002
308,2,11,0.0,0.0,0.0,0.0,0.0,0.0,0.0,0.0,0.0,0,0,0.0,0.0,0.0,0.0,0.0,0.0,0.0,0.125,0.0,0.0,0.0,0.0,0.0,0.0,0.0,0.0,6,7,7,4,18.345247648028568,269.0429741827533,60.6485012484,4,0,0,0.34054923,0.049790613,2.520184,0.79851484,-0.6823785,-1.717006,1.3285537,-0.60449344
436,10,9,909.3314883309587,902.0432198153217,9020.432198153216,1575.3884363399998,1554.686805,433.877284818328,470.4908940773457,490.63459883117173,12.079893772,2,8,0.3020511655523084,0.134120778104,1.8853055232,0.5950347102774284,22616.0,0.0,0.0,0.0,81541.8488579006,0.0,0.0,1689295.2273157598,5179.717627992217,374.0,0.1871150692997177,1.24238566452,1,1,1,1,1.8853055232,9.64475967,1.8853055232,2,6,3,-0.40206479999999994,0.10976199,1.7803613,-0.18555526,1.1354153999999999,-0.25354299999999996,1.617429,0.15640634
193,1,9,533.9106723598468,3997.8901,3997.8901,2798.1650512386213,3997.8901,0.0,1077.749717837851,2007.031,3997.8901,5,1,16.02273666932733,4.59857811,23.266779823716,7.470428920940122,628.1166666666667,717.9090909090909,0.0,0.0,0.0,41898.0,408847.76585468045,0.0,0.0,0.0,0.0,0.0,5,3,2,5,15.737059840110001,51.7256859586464,19.76185981575,5,1,4,-1.9487763999999999,0.17988889,0.90064704,0.43356156,0.7100201,-1.1697568999999999,0.3352538,-0.9908593000000001
524,137,915,183.20400143641362,374.96255332424363,51369.869805421375,5724.32,4821.2,559.3113717901596,502.83146713774505,0.09936933486739287,1.11327778344,322,44,6.399784867671968,0.9689060736049478,250.13487849165,16.755036819725152,7154.516666666666,6.395348837209302,0.05952380952380953,0.02325581395348837,107530.54060138918,7733665.720706555,2010370.3483571848,57009.52523485795,40556.14539061324,5.25,3.5210651385817333,28.330843759952273,455,363,120,215,8.428319579241576,53.505970838650505,250.13487849165,368,10,10,-0.008543269000000001,-1.9236582999999998,0.7563015999999999,-0.12610024,1.477134,0.7278289000000001,0.75580364,-0.9983069999999999
283,12,25,1290.08963445315,2781.4607656113735,33377.52918733648,15297.068500692,10569.761724339998,3744.3810155056494,3386.1992802680797,94.24949589674999,49.50373682125001,12,7,17.562790120508488,6.758369856245,134.95266725079998,27.890932789095586,1042.7666666666667,701.2173913043479,0.0,0.0,8239.584836572087,1022551.2477538466,1700689.274126366,1332.3279319885114,4292.531397758215,0.1875,3.848324408963293,5.4049011935398745,18,8,4,13,29.265179898517793,27.964757560829607,134.95266725079998,11,2,10,-0.5980667,-0.77637696,1.8950099999999999,0.25768045,0.6622375,-2.3358178,-0.15234654,-1.4639481
55,64,330,14.763346898542476,56.12780656982354,3592.179620468706,459.433275,409.85725968,90.39834843845532,53.354598160400144,0.4875715636002577,0.010031204795378702,78,30,2.345919864844888,1.9372297981794944,36.715603792032,5.021477638320159,3270.333333333333,723.4587155963303,0.037037037037037035,0.4666666666666667,168.62315821426046,9881564.200441673,9233697.731626254,108.96498616554493,59.16870340450403,2.1481481481481484,0.8628815891373499,5.40386645547796,92,61,26,40,3.642021440041721,5.637173129563794,36.715603792032,36,8,10,0.14714612,1.080274,1.5564502,1.8961276999999999,0.19035774,0.19750327,2.1632576,-1.415468
90,5,112,989.9127456705918,7554.568112159657,37772.840560798286,35067.399999999994,34367.886837094295,15016.093303761487,4031.1597463067574,10.2662,21.518382294503727,40,4,19.96550211762465,3.3323562240306,200.85066709950001,35.08954176456161,1459.5,870.5223880597015,0.0,0.0,3071.336137692091,8658707.186242068,8661362.91736571,319.9160553470993,501.36036505975983,0.640625,13.472446102605705,100.063335216,43,33,22,31,42.6035983262653,43.055896521017964,200.85066709950001,39,9,10,-1.1725401000000002,-0.12657125,1.6431155,0.22916356,0.7214901,-1.5381266000000002,0.10109605,-0.5863644
389,125,426,1.1400067161466707,3.952164583131886,494.0205728914859,36.426,46.543610711999996,7.7699723697251395,3.6080873533447386,0.02768690297999966,0.024612732201370214,228,43,0.2893982746778468,0.34188887840603915,15.505065315,1.1850215687766452,11701.483333333335,4.15686274509804,0.0648854961832061,0.0,230.628922899637,9451120.711661436,1693527.2410202082,221.6536159873004,49.35961542002377,3.6908396946564888,1.244869484757219,3.7507902509778632,426,176,96,251,0.330054283346576,10.215190507062953,8.583612564120001,444,9,9,-2.1137722,-3.104889,-0.14910772,0.6972397,-1.9331188000000001,-0.34098688,3.3262699999999996,-1.1202774
391,8,38,0.2323939998073976,1.5304417688556158,12.243534150844926,1.3063250620800002,7.3047,2.5258359320583774,0.3665929040368867,0.07824472215999999,0.031033313470400007,36,7,0.07276518355175643,0.06411289045098438,0.8921643572999999,0.1664829310505779,25851.35,2.375,0.047619047619047616,0.25,1840.9624858643758,14.174180104019024,11.732376627822163,992.0442608875007,85.29526545613983,4.095238095238095,0.4725748632342389,3.0490897564231245,90,12,11,57,0.10284159925206664,6.380303040624657,0.8921643572999999,87,9,8,-1.8470702,-4.243542,2.3135667,3.0278437,-4.6249075,-0.46141613,5.2355475,-0.062010555999999994
520,3,18,971.5207945968916,1832.4455,5497.3364999999985,9778.9851423,3716.853,1809.6354944049506,2322.6175615304433,341.41986375,108.2335,8,2,18.58947121961264,9.8632429945,110.2250999584008,27.263013284494683,1461.833333333333,46.0,0.0,0.0,90786.0,36653.8,167766.20570090716,218395.05920678086,5264.960913291107,44.111111111111114,20.436970444341068,1158.7970680280905,13,7,6,10,13.22255015734166,616.2953862291013,38.2774603618732,8,3,4,-0.5706711999999999,-0.46185753,2.999994,-1.0425552,0.82592237,-0.7152769,1.3687975000000001,-1.8901953999999999
382,29,155,962.7909020251441,3487.6570046675292,101142.0531353584,28781.76,18213.90956275,3817.753220361573,2703.460839479607,8.908349999999997,40.5085,69,15,4.147634292695567,2.2435263179896556,93.37455154552,9.642293122972113,28006.116666666665,0.2857142857142857,0.02631578947368421,0.0,70887.40827715531,85059912.60000001,6169244.471428572,39297.298978010986,31859.650444675462,5.105263157894737,20.37775458720661,79.4956650998311,105,54,28,55,7.597846087740115,28.953709687380385,93.37455154552,74,9,9,-0.072485805,-1.8185486000000002,1.1896204,-1.2326591999999998,0.83339393,-0.68045735,1.7723846,-0.51039195
536,65,323,30.551221832130505,106.69990802409764,6935.494021566346,997.11744,1006.192919097,251.60360007704747,133.54980681452713,0.00010110731486441397,0.005665096799999999,121,19,0.15135600467717564,0.2483480737718251,5.188275,0.3642113894589633,22615.98333333333,33.22222222222222,0.2032520325203252,0.0,99.2823997855545,917.8108255835164,7983.212125297005,1221.8710731440035,17.723931960802275,4.6747967479674815,0.1906686787562545,1.0543499939411394,252,63,25,172,0.23062550175249025,5.061054581901202,6.799065369249999,183,2,3,-6.2868443,-3.0373156000000003,-1.0782180000000001,2.7839650000000002,0.000556716,1.1528288,5.4497290000000005,-1.8933427
572,4,45,72.98789933043514,855.0278895619127,3420.111558247651,570.1559432421,1820.9731432104002,647.071739609447,111.82327446473947,114.89,444.4104,17,3,11.77428043904018,3.4565150164072502,52.067197117000006,12.396500173338321,2781.85,0.0,0.0,0.0,26578.65455320708,0.0,0.0,9072.30064552334,3986.0018798849687,1.9473684210526316,6.713178484062643,26.471418487388053,31,12,11,26,23.234467985439835,136.3757893086759,52.067197117000006,30,2,5,0.48815978,-0.42712486,2.1053889,0.25237495,0.4365411,-0.05358233,0.6549285,-1.4873374
494,1,2,0.0,51.45324100000001,51.45324100000001,0.0,51.45324100000001,0.0,0.0,0.0,51.45324100000001,2,1,2.58156543975,0.86875824,3.9158415945,1.8869514339984723,0.03333333333333333,0.0,0.0,0.0,0.0,0.0,0.0,0.0,0.0,0.0,0.0,0.0,3,1,1,2,3.9158415945,4.180943282873334,3.9158415945,3,0,0,-1.2393752,-2.2731223,3.2443466,-1.7897439999999998,0.72165024,-2.4774523,2.22443,-0.3691435
338,1,1,6.9930507465,7.0288694973000005,7.0288694973000005,6.9930507465,7.0288694973000005,0.0,0.0,6.9930507465,7.0288694973000005,1,1,0.0385749,0.006426629999999999,0.0385749,0.0,0.0,0.0,0.0,0.0,109465.31065,0.0,0.0,780519.0381704299,5451.371498166198,358.0,0.1196519198069906,0.96246045,0,0,0,0,0.0,0.0,0.0,0,0,0,-1.8706603,-2.1255221,0.23954333,1.7923875,-0.32552648,-0.36577904,1.6838431,1.5984243999999999
438,4,6,84.23439768427154,155.25441420062495,621.0176568024998,297.724416,195.9909945,44.69675743422657,121.23641249050196,8.538400105629254,113.85528183,5,4,16.7406984401983,12.723844651874998,39.24534030660446,12.611894178962775,415.1833333333333,0.0,0.2,0.0,20192.78307976811,0.0,0.0,139267.9404897065,8516.095396626339,5.6,23.23626101608318,97.63385963,2,1,1,2,17.666943608048847,29.90633221164092,17.666943608048847,3,0,1,-0.76407796,-0.24722843,2.5353790000000003,0.045206595,0.6075843000000001,-0.2428239,0.4007697,-0.322894
249,34,262,8248.272852316479,28484.755983272094,968481.7034312516,137332.6,112118.34969,35965.555302256165,20642.93134146988,28.426307,27.4022,27,13,15.866222141442432,9.544931049705884,235.81919816,30.033083086621765,6.25,652.7368421052631,0.037037037037037035,0.3333333333333333,72608.22575338827,65516284.24086147,66163389.82030245,223799.05831433926,19414.648780161024,3.111111111111111,10.491958366620489,56.40816355906666,194,107,13,18,13.77234546530833,19.098372857435265,106.83657635699998,16,2,4,-0.89122844,-0.15951505,0.9573108,0.35514759999999995,0.6957555000000001,-1.9573165000000001,0.1609747,-0.95528656
62,6,83,822.1338040212747,9387.471844090158,56324.831064540944,34966.7,35344.59791355955,12987.682282703252,4362.7871064684505,179.18294939999996,2433.8,32,6,22.27536549977933,2.7466178075,108.77632276595,23.27909559946471,1082.7,1108.7727272727273,0.0,0.6,23219.747038390367,16644.673760557976,109526.04240792619,2613.038502325101,3201.6763891337714,1.0512820512820509,12.5424140061,64.492435239925,50,44,25,20,23.010311619773574,20.465701715530386,108.77632276595,40,8,10,-0.6221303,0.25765947,2.2321565,0.26687834,0.8705576999999999,-0.9220337,0.42969406,-1.2866024
401,29,859,641.0505720826578,3476.611650530171,100821.73786537496,66868.0,20524.090422283,5095.331214315947,3910.7763652294707,34.3185,81.828,185,13,15.690217370305307,3.3219135243493803,88.35556925866,16.250961783022518,4078.8,0.8333333333333334,0.0,0.0,110686.9732576695,1915.1389201,996.1619595810896,11741.413930946115,51801.59137353252,1.3877551020408163,5.341457478024521,25.545118049303642,540,438,167,192,20.517218772397005,59.302628554067184,88.35556925866,261,7,7,0.17035519,-0.65863526,1.8564092,0.80522513,1.1758206,0.090638414,0.10887545,-2.0432987000000002
231,1,8,19.41484275,606.595,606.595,77.659371,606.595,0.0,35.949303303746795,77.659371,606.595,6,1,15.169407287603748,6.6240174,31.135586459200002,9.108533394970037,348.33333333333326,1373.0,0.0,0.0,0.0,10037.5415798125,24887.517658628018,0.0,0.0,0.0,0.0,0.0,6,2,2,4,20.40252510525,31.67115380782667,20.995822272,5,0,1,-1.9028721999999998,0.05948268,1.3627313,0.8760028,1.2505343999999998,-2.238979,0.18762589,-0.7474066
242,93,496,222.43796676697917,960.7127795782384,89346.28850077617,6663.188073485189,5913.6424429,1033.685652755523,626.2461868664859,1.9353900000000002,20.763003912000002,47,15,10.331934491282492,4.9693640219920185,77.28954947604002,10.460871002052636,3132.2,885.0185185185185,0.010752688172043013,0.125,5228.071545245095,4714750.460065573,6389636.723401262,1227.120285305664,626.2461868664864,0.5161290322580645,8.730037370641247,42.20884486302001,59,19,6,18,14.792199506000118,26.81279999846497,40.858266726892545,25,2,10,-1.3316499,0.486404,0.95163584,0.7406621999999999,-0.06637568,-2.2275747999999997,0.82136786,-0.81413186
397,9,409,395.41486596235046,587.1589313113122,5284.430381801811,5150.346092279116,3051.0722970270704,994.0393761430504,860.7225352690256,3.0699128398561726,3.9599495722,115,5,11.570600227023235,1.12991844775824,116.9757324868,14.982432763845653,2443.9166666666665,11.0,0.0,0.0,22769.022736026967,3442.22973132245,4870.503759263583,29698.561130535367,2616.831180674404,5.26890756302521,11.868880688207955,172.76239795878215,150,149,84,85,15.582061118216993,41.10989114179564,110.19757390400001,165,5,5,0.59451884,-2.2535662999999997,0.8467336999999999,2.4659686,1.4331021000000002,-1.1229286,-0.57522994,-1.1090071000000001
132,74,830,535.9400310796324,4222.900012522968,312494.6009266996,27129.28,20021.57784,4410.653585681168,2161.934777081909,2.06316,115.2800966435,78,22,29.101008951902042,7.86424902329848,186.92775145616002,31.615271067357,2203.4166666666665,2039.907407407408,0.0,0.0,10923.33356694215,1707611.1601912996,6499527.179791537,6105.378735505051,1168.5055015549938,1.0459770114942528,14.315322865761715,57.93506195164966,500,400,71,84,40.69661580851512,41.59734632039832,186.92775145616002,106,2,10,-1.8548234000000001,-0.12181434,1.6573781000000003,0.9178991,0.90744954,-0.3529373,-0.26629767,-1.1940693000000002
553,8,28,285.1110321124392,711.413267858055,5691.3061428644405,1721.2691884763196,1220.2938998055001,380.4148503530864,437.07116090386285,269.3784416740889,235.55555023,12,6,18.16110702906211,6.5695131075000015,198.04284346938,38.219878667585746,4220.583333333333,0.0,0.08333333333333333,0.0,1923.1655718,0.0,0.0,160.26379765,0.0,0.08333333333333333,11.633668199999999,11.633668199999999,11,7,5,9,13.735919536696215,28.600837164765316,66.110298530276,12,3,5,-0.56869125,-1.4898413000000001,2.0012958,-0.14330697,0.59192073,-0.6750371999999999,-0.37416354,-1.6356155
271,11,43,453.1949439474873,1598.7060222341906,17585.7662445761,3686.535113220113,5008.6591172,1806.984098488132,947.5158700887454,9.98019844974,11.884612914000002,16,6,16.135157877864486,4.563889279090909,88.36646313664401,18.652294581353107,2077.5666666666666,883.8888888888887,0.0,0.3333333333333333,0.0,5592665.909947805,10470687.049426245,0.0,0.0,0.0,0.0,0.0,24,18,11,14,25.030551758917852,22.260870549223245,88.36646313664401,15,2,4,-2.1570888,-0.526255,1.7154789000000001,-0.92653835,1.4812273,-0.25815588,1.0382301999999999,-1.9090017
240,4,13,410.1424688351768,1370.140625,5480.5625,3224.0789,3237.3120000000013,1478.4471234092425,971.6661958495799,2.1015,25.6295,6,3,3.761890144377056,1.2706568175,12.376376876160002,3.9649375479954903,619.8333333333334,455.47058823529403,0.08333333333333333,0.0,136.08408122062,8049971.259249851,11708600.84830344,11.340340101718333,0.0,0.08333333333333333,2.04400518,2.04400518,8,1,1,5,1.9534943999999999,20.57236112366476,1.9534943999999999,3,1,0,-2.0912611,-0.23642559999999999,0.85244447,-0.06420461,0.6202705,-2.131771,0.5573863,-1.3703353
233,6,28,2152.789995866583,10292.849555721199,61757.0973343272,29765.4,31655.336290090698,12399.70703172077,6501.282971830573,114.8714784,135.975,14,5,22.14591186799928,7.856248925,62.814360728240004,16.774444797866305,2530.4666666666667,1019.8,0.0,0.4,10200.877223060035,7393498.543552658,7503353.693424602,1790.646506420602,3611.729876780253,0.4666666666666667,1.9221721240511491,12.048575863499998,17,7,6,13,23.705851318731998,32.60442906254106,56.70982171391999,16,1,10,-1.5982368999999998,0.032872383,0.8413689,0.29339040000000005,1.1995916000000002,-1.2718312,0.27485704,-1.3672909
478,2,3,1712.6946666666665,438.55127759999993,877.1025551999999,5138.084,846.3255551999997,576.6799137688113,2966.474180518909,5138.084,30.776999999999997,3,2,12.9859874277,0.2581866,19.0146254676,6.2417096360535815,478.98333333333335,2.0,0.0,0.0,6059.9929157385595,85059912.60000001,43184711.3,3681.48163857952,3218.350250511883,1.0,12.661663321143001,19.529553340572,4,2,1,3,16.203452591549993,0.5085455434741996,19.0146254676,5,0,1,-1.4373652,-0.5359891,1.8991022000000002,-0.55176026,2.391131,-2.018508,3.169411,1.3330863000000002
170,11,42,4502.3807899218045,9552.854011108227,105081.39412219053,63065.91080031582,47280.16,17388.85336403206,12498.903219288171,730.8375,293.722,12,4,21.231038640328386,2.4224095182000003,108.73808381436,24.311514469533172,282.1333333333333,874.9333333333333,0.16666666666666666,0.0,46461.60343296847,10636840.5588572,19538116.36526464,22118.24105627545,12498.903219288171,1.1666666666666667,11.67943546010946,40.848450518119996,13,9,5,6,40.10193588524556,29.297680811406998,108.73808381436,11,0,3,-1.0789554,0.13583092,1.7804523999999997,-0.31510317,0.78545076,-0.9276398000000001,0.7042031999999999,-1.1160748
403,36,1408,248.97463909953186,2300.907713352789,82832.6776807004,40792.5,25446.1589224304,4792.4395253772855,1959.789881027244,0.0003845,2.6204195869803075,345,14,10.790529432176823,2.26212402640972,195.608033192,18.237945661866558,8348.3,34.615384615384606,0.0028328611898017,0.0,130523.64006641402,28371378.15306243,6717625.035045807,18657.77332095096,44821.863252190284,3.263456090651558,5.464699999898309,76.7536074812361,855,590,259,237,16.85496170085797,31.72018947714523,188.422620498,326,7,7,1.3535861,-0.9791453000000001,0.9783284,1.3217715,0.9661721,-1.8245770000000001,0.6745628,-0.90965676
96,29,61,1448.4332891280935,1189.120498150503,34484.49444636459,9791.612,7717.135334999999,1662.0755051520086,2667.230236552184,20.2894,17.600423708900003,24,13,13.845283297320378,8.04561292645233,113.87731757600001,16.67519480153198,348.4833333333333,765.0,0.0,0.3333333333333333,7690.277010214176,13344169.86121062,14808292.970336253,4473.285489738824,2630.76838325598,1.1851851851851851,16.311921971885862,64.43988188909167,22,14,8,15,13.682368015078564,20.204192793244687,36.78386727,12,2,10,-1.4611481000000002,0.18787697,1.6377965,0.6554175,0.39683992,-2.0003674,0.25723666,-0.9846946
245,6,62,2636.8842966301754,13978.848891317082,83873.0933479025,18276.599377149818,32068.252649270802,13493.764805150922,4742.723302214672,3535.462,174.132552,20,5,26.877958798264107,9.2510104925,173.86331880103995,30.475188764691172,1585.1833333333334,978.6764705882354,0.0,0.8333333333333334,0.0,12867.676174637936,10723.06347886495,0.0,0.0,0.0,0.0,0.0,30,16,14,22,54.9228204590565,44.851651010221644,173.86331880103995,29,1,10,-1.2677675,-0.7459728,1.9995846999999998,0.34360949999999996,0.9691860999999999,-0.41545379999999993,-0.43216658,-1.3786775
519,54,300,27.527550247806488,110.32169251834752,5957.371395990766,2096.2326000000007,2090.025,384.42599725517374,185.37838984727267,8.647000000000002e-16,0.0723495,161,32,3.5684034205215283,2.5397186276346755,53.16655695141,7.660098280883702,27994.05,16.970588235294116,0.07602339181286549,0.0,3608.586315484587,2923.9249246064514,8390.702673297208,5272.163363425703,180.2672229579468,9.923976608187132,1.7229138764386493,25.332418012234417,217,101,60,127,7.311308844789367,32.01427083091711,53.16655695141,117,9,10,-1.0195688,-1.7316718999999998,3.152902,0.84583265,-0.95921874,-0.6483361999999999,2.6875815,1.7899022
190,13,137,9532.522655838757,56245.254688759094,731188.3109538681,242528.00000000003,159918.07784922,56540.21258585248,28718.69211363784,11.761405820999999,12.51303215398,20,7,9.801769775973376,2.0241392098198414,29.455465479300003,6.819075676872245,1007.2666666666668,734.3235294117646,0.10714285714285714,0.125,65571.84679166735,4103427.3538761768,7960396.731667174,25547.183276311,28355.65010863653,1.7857142857142858,1.0259454065156124,5.185254596077557,76,36,14,17,10.059922168741547,12.778458264864211,19.620126151199997,17,9,10,-1.8892531000000004,-0.35899159999999997,1.9013569,0.03922372,1.3347526,-1.6212642,0.37059098,0.16848151
89,31,137,280.4628667222093,870.4325674158716,26983.409589892017,16355.736,18891.1635428438,3362.5352020943437,1467.9064235827207,27.60330199324726,34.9035143685,31,11,20.33311755578617,8.650905901422579,237.14375613828003,35.492038467538585,1635.6,1026.452380952381,0.0,0.4,18166.866537135,45487267.71,45677403.98958547,8584.991092500592,5817.225838150499,1.375,9.365243670010793,84.15044164806872,55,45,29,28,32.83642949770173,38.04079083178637,237.14375613828003,34,1,10,-0.79153746,0.023226392000000002,1.5105418,0.49302098,0.6928243000000001,-1.2805947,0.13115628,-0.71704
264,14,52,1561.7301601034476,1184.4679939673856,16582.551915543398,65763.67021537924,14556.496680000002,3850.160948109367,9223.653731512208,95.47593,34.450100000000006,22,5,28.152853028530632,5.409598028576641,191.57123602759998,38.12750571427708,3330.9666666666667,823.71875,0.03571428571428571,0.2,38813.954580481535,1347135.719483913,3651451.309811742,7982.250171376718,5745.327953017716,1.4642857142857142,11.162133754601186,52.95118353358541,26,22,8,13,47.37840664653041,59.50800945167038,191.5712360276,20,1,10,-1.7277377,0.47839943,1.906624,-0.16795622,1.1539685,-0.22650559,1.0520194,-1.4794713
206,5,10,1318.0199994928196,1837.42569598612,9187.128479930601,3203.6927360000004,3993.8505184632,1772.4565816358752,1411.934000878151,749.9183331382001,2521.9217801455998,4,4,7.434212949125838,3.912150396,24.8982778044,7.687411281780688,822.2333333333332,626.6666666666666,0.0,0.25,3203.6927360000004,159900679.65158993,160572108.41568577,2636.03999898564,1411.934000878151,0.8,7.434212949125838,24.8982778044,4,0,0,4,0.0,14.77359943584,0.0,4,0,3,-1.367815,0.13474984,1.6026643999999999,0.44715473,0.5107279,-1.6916163,0.4194492,-0.38351446
247,31,58,2585.4237167344163,4795.640466808813,148664.85447107325,67876.23999999999,70232.48712351201,12834.218512379417,9346.859544882704,21.126,72.0813344064,15,9,26.11866944733758,9.230490223960649,220.47528335040002,44.99426861438453,1033.45,669.0,0.0,0.25,22927.224166666663,8775216.070347669,12486592.209285393,7193.57210652677,3273.8761212992235,0.9523809523809524,17.620845956576193,93.66561138793502,21,5,3,9,39.17490337773328,53.22478882850011,83.0427186,10,1,2,-1.8321927,-0.04202322,1.2272726999999999,0.5309135,0.9893972,-2.0039458,0.16881022,-1.3636329
46,57,1398,47.84124939218294,1064.6378727718484,60684.35874799537,7470.603,5001.81192525,1207.5013949430534,350.59524663594976,0.41627,3.2114,230,44,22.237855879941893,2.1066887628038047,393.93368627327993,34.62334089412299,3239.2166666666667,897.6925925925926,0.012875536480686695,0.1590909090909091,2897.8608998564678,5425090.091445518,6885820.06957012,3383.01711460018,426.82139283402364,5.4334763948497855,14.57444335999552,76.57041802209423,750,694,379,277,19.871997474487447,85.55312713296334,393.93368627327993,225,7,0,0.35685059999999996,-1.3209565,1.1242893,2.5532131000000002,-0.9020219999999999,-0.20295633,0.3672966,-0.09934196599999999
262,2,17,22.262942241176475,937.733814948,1875.467629896,163.44497750000005,1875.467629896,1326.1558789953235,50.72365569007494,6.70593,1875.467629896,9,2,7.99864331772384,7.27371435,20.06362048316,7.227735166861137,1021.0666666666667,977.8461538461536,0.0,0.0,163.44497750000005,30528368.77920033,54249886.08643,31.539168175000004,50.72365569007493,0.75,7.99864331772384,20.06362048316,8,2,1,6,10.51522466918,34.1383101515489,20.06362048316,5,1,1,-1.1883203000000002,-0.13211772,1.3252369,0.51577026,1.2286181,-2.498284,0.280831,-1.6775198
